ubigeo,anio,ninos_evaluados,ninos_con_anemia,ninos_sin_anemia,prevalencia_anemia,gasto_total,gasto_anemia_pan,departamento,provincia,distrito,region,macroregion_inei,macroregion_minsa,capital,latitude,longitude,altitude,superficie,pob_densidad_2020,pct_cultivo,pct_construido,pct_desnudo,pct_agua_visible,n_edificios,area_construida_m2,confianza_media,area_distrito_km2,densidad_edificios_km2,elevacion_media,pendiente_media,pct_agua_permanente,pct_agua_estacional,personal_total,programa_anemia,centro_salud_municipal,personal_total_missing,programa_anemia_missing,centro_salud_municipal_missing,gasto_total_percapita,gasto_anemia_pan_percapita,log_gasto_total_percapita,log_gasto_anemia_pan_percapita,flag_gasto_outlier_administrativo
010101,2021,234.0,71.0,163.0,0.3034188034188034,745299708.0600001,44747568.78,AMAZONAS,CHACHAPOYAS,CHACHAPOYAS,AMAZONAS,ORIENTE,MACROREGION ORIENTE,Chachapoyas,-6.22944444444445,-77.8727777777777,2338.0,153.78,201.43711796072296,0.0031331502307213,0.0305284729827619,0.0033348775162476,0.0001067995314481,16298.0,1306565.4304802003,0.7831852498676517,153.79560211475933,105.97182088366054,2423.265985843032,21.25283667238062,0.0195739781232009,0.4485895221646519,198.0,0.0,0.0,0,0,0,3185041.487435898,191228.92641025642,14.973976186753712,12.16123178623373,True
010101,2022,201.0,76.0,125.0,0.3781094527363184,718269559.3,10204248.58,AMAZONAS,CHACHAPOYAS,CHACHAPOYAS,AMAZONAS,ORIENTE,MACROREGION ORIENTE,Chachapoyas,-6.22944444444445,-77.8727777777777,2338.0,153.78,201.43711796072296,0.0031331502307213,0.0305284729827619,0.0033348775162476,0.0001067995314481,16298.0,1306565.4304802003,0.7831852498676517,153.79560211475933,105.97182088366054,2423.265985843032,21.25283667238062,0.0195739781232009,0.4485895221646519,206.0,1.0,0.0,0,0,0,3573480.394527363,50767.40587064677,15.089050859116055,10.83502950840666,True
010206,2021,43.0,2.0,41.0,0.0465116279069767,123696944.68,0.0,AMAZONAS,BAGUA,LA PECA,AMAZONAS,ORIENTE,MACROREGION ORIENTE,La Peca,-5.61194444444444,-78.4369444444445,892.0,144.29,68.7088502321713,0.0155497805871499,0.0047076844670886,0.0007592306190283,6.440579103533524e-06,3477.0,301800.8635456871,0.7849802698491118,138.6675671849073,25.074356394841544,1075.3451318705384,18.25271401344129,0.0,0.0,30.0,1.0,0.0,0,0,0,2876673.1320930235,0.0,14.872145369553726,0.0,True
020201,2022,10.0,2.0,8.0,0.2,30836211.52,0.0,ANCASH,AIJA,AIJA,ANCASH,CENTRO,MACROREGION NORTE,Aija,-9.78027777777778,-77.6105555555555,3421.0,159.74,13.9351446099912,0.0005106087910454,0.0048376504198566,0.0562737941796203,0.003508564211269,2925.0,184975.7855710984,0.7644090252656203,163.0855493900086,17.935372023704264,4162.914080401086,21.40346286605861,0.3136241714974122,0.6831646595111468,12.0,1.0,1.0,0,0,0,3083621.152,0.0,14.941615487352571,0.0,True
021303,2021,18.0,18.0,0.0,1.0,89647496.76,1149507.17,ANCASH,MARISCAL LUZURIAGA,ELEAZAR GUZMAN BARRON,ANCASH,CENTRO,MACROREGION NORTE,Pampachacra,-8.90222222222222,-77.2438888888889,2845.0,93.96,15.3256704980843,0.011067252438194,0.0027268994343743,0.0468749554136783,0.0095707928061503,1082.0,61302.61552071571,0.7886248625911317,98.86875066368476,10.943801683916966,3036.6084165777083,27.8494511550288,0.1078558119205907,0.7839893262174784,2.0,1.0,0.0,0,0,0,4980416.486666667,63861.50944444444,15.421024278151064,11.064487761526212,True
021303,2022,14.0,9.0,5.0,0.6428571428571429,83641681.87,30967.0,ANCASH,MARISCAL LUZURIAGA,ELEAZAR GUZMAN BARRON,ANCASH,CENTRO,MACROREGION NORTE,Pampachacra,-8.90222222222222,-77.2438888888889,2845.0,93.96,15.3256704980843,0.011067252438194,0.0027268994343743,0.0468749554136783,0.0095707928061503,1082.0,61302.61552071571,0.7886248625911317,98.86875066368476,10.943801683916966,3036.6084165777083,27.8494511550288,0.1078558119205907,0.7839893262174784,4.0,0.0,0.0,0,0,1,5974405.847857143,2211.9285714285716,15.602995378528862,7.702072062724255,True
021701,2022,40.0,18.0,22.0,0.45,126215687.74,823562.9099999999,ANCASH,RECUAY,RECUAY,ANCASH,CENTRO,MACROREGION NORTE,Recuay,-9.72166666666667,-77.4563888888889,3428.0,142.96,43.3687744823727,0.0062073557730247,0.0081911683594017,0.0438942795400587,0.0065176828363395,6308.0,448625.5904801964,0.7766658215391992,149.94233612283136,42.06950593882001,3983.1125409516094,14.716317571218132,0.3958978547686304,0.4433430895415716,11.0,1.0,0.0,0,0,0,3155392.1935,20589.07275,14.964623671707391,9.93256433328417,True
030301,2021,13.0,8.0,5.0,0.6153846153846154,50284845.74,3823887.49,APURIMAC,ANTABAMBA,ANTABAMBA,APURIMAC,SUR,MACROREGION CENTRO,Antabamba,-14.3652777777778,-72.8772222222222,3664.0,603.76,5.39618391413807,0.0029035626915532,0.0014661539595635,0.2761525392478196,0.0006061321153442,4031.0,221484.7670567257,0.7806410072045598,604.7194352085844,6.665901185414351,4516.675670549715,18.76305230821215,0.2529219386660948,0.6413320287368647,52.0,0.0,0.0,0,0,0,3868065.056923077,294145.19153846154,15.168265213207604,12.59183217286376,True
040101,2021,30.0,7.0,23.0,0.2333333333333333,2363192390.76,41754510.33,AREQUIPA,AREQUIPA,AREQUIPA,AREQUIPA,SUR,MACROREGION SUR,Arequipa,-16.3933333333333,-71.5288888888889,2429.0,2.8,33021.7857142857,0.0829856638057761,0.7295443982688572,0.055268228100066,0.0020659983259921,37642.0,4052211.539348275,0.7603552894500825,11.452619479035873,3286.7589872259387,2322.718147790855,3.701229239248905,0.1875,0.75,1514.0,1.0,1.0,0,0,0,78773079.692,1391817.011,18.182081880880457,14.146121372105247,True
040101,2022,54.0,21.0,33.0,0.3888888888888889,2286125114.67,9151508.04,AREQUIPA,AREQUIPA,AREQUIPA,AREQUIPA,SUR,MACROREGION SUR,Arequipa,-16.3933333333333,-71.5288888888889,2429.0,2.8,33021.7857142857,0.0829856638057761,0.7295443982688572,0.055268228100066,0.0020659983259921,37642.0,4052211.539348275,0.7603552894500825,11.452619479035873,3286.7589872259387,2322.718147790855,3.701229239248905,0.1875,0.75,1491.0,0.0,1.0,0,0,0,42335650.27166667,169472.3711111111,17.561140108704606,12.040451090871423,True
040101,2023,150.0,62.0,88.0,0.4133333333333333,2688861562.6,0.0,AREQUIPA,AREQUIPA,AREQUIPA,AREQUIPA,SUR,MACROREGION SUR,Arequipa,-16.3933333333333,-71.5288888888889,2429.0,2.8,33021.7857142857,0.0829856638057761,0.7295443982688572,0.055268228100066,0.0020659983259921,37642.0,4052211.539348275,0.7603552894500825,11.452619479035873,3286.7589872259387,2322.718147790855,3.701229239248905,0.1875,0.75,1249.0,1.0,1.0,0,0,0,17925743.750666667,0.0,16.701748491741203,0.0,True
040101,2024,166.0,54.0,112.0,0.3253012048192771,2698550141.35,0.0,AREQUIPA,AREQUIPA,AREQUIPA,AREQUIPA,SUR,MACROREGION SUR,Arequipa,-16.3933333333333,-71.5288888888889,2429.0,2.8,33021.7857142857,0.0829856638057761,0.7295443982688572,0.055268228100066,0.0020659983259921,37642.0,4052211.539348275,0.7603552894500825,11.452619479035873,3286.7589872259387,2322.718147790855,3.701229239248905,0.1875,0.75,18.0,0.0,0.0,1,1,0,16256326.152710842,0.0,16.603992754201567,0.0,True
040118,2023,13.0,5.0,8.0,0.3846153846153846,171616171.17,0.0,AREQUIPA,AREQUIPA,SAN JUAN DE SIGUAS,AREQUIPA,SUR,MACROREGION SUR,San Juan de Siguas,-16.3461111111111,-72.1283333333333,1281.0,93.31,12.7639052620298,0.0431519503737285,0.0021919337774631,0.8417092121774706,0.0026151424512777,434.0,30337.001130580906,0.7621988475597399,35.85877229978126,12.103035663679078,1254.1787061655525,12.520821501812792,0.091743119266055,0.4197247706422018,8.0,0.0,0.0,0,0,0,13201243.936153846,0.0,16.395821696454362,0.0,True
040118,2024,17.0,2.0,15.0,0.1176470588235294,59127143.1,0.0,AREQUIPA,AREQUIPA,SAN JUAN DE SIGUAS,AREQUIPA,SUR,MACROREGION SUR,San Juan de Siguas,-16.3461111111111,-72.1283333333333,1281.0,93.31,12.7639052620298,0.0431519503737285,0.0021919337774631,0.8417092121774706,0.0026151424512777,434.0,30337.001130580906,0.7621988475597399,35.85877229978126,12.103035663679078,1254.1787061655525,12.520821501812792,0.091743119266055,0.4197247706422018,18.0,0.0,0.0,1,1,0,3478067.2411764706,0.0,15.061987594513676,0.0,True
040127,2022,29.0,14.0,15.0,0.4827586206896552,118292830.6,423593.59,AREQUIPA,AREQUIPA,YARABAMBA,AREQUIPA,SUR,MACROREGION SUR,Yarabamba,-16.5466666666667,-71.4755555555556,2467.0,492.2,5.80251930109711,0.0031636631062899,0.0041905874313143,0.8984836829716493,0.0118796137605378,9122.0,506395.74780739215,0.7720677811726748,487.2529564847631,18.72128199243724,2629.561817098833,17.220513801685133,0.4543048019675595,0.5285482857914124,24.0,0.0,0.0,0,0,0,4079063.124137931,14606.67551724138,15.22137813872968,9.589302389912893,True
050601,2021,15.0,7.0,8.0,0.4666666666666667,132413193.63,124618.8,AYACUCHO,LUCANAS,PUQUIO,AYACUCHO,CENTRO,MACROREGION CENTRO,Puquio,-14.6941666666667,-74.1244444444444,3234.0,866.43,16.9511674341839,0.0166755231393272,0.0056963742341952,0.2106914858817093,0.0234091864605767,12784.0,1003964.1231635916,0.7765193132448182,866.8265055279858,14.74804925607719,4019.641347902426,12.45665468445953,0.7818124657961041,0.2026369512790452,116.0,1.0,0.0,0,0,0,8827546.242,8307.92,15.993387758455434,9.025084915504538,True
070102,2022,367.0,23.0,344.0,0.0626702997275204,1197064454.09,4432592.9,CALLAO,CALLAO,BELLAVISTA,CALLAO,LIMA METROPOLITANA,LIMA Y CALLAO,Bellavista,-12.0625,-77.1291666666666,13.0,4.56,20216.8859649123,0.0001761004725707,0.9785620118822932,0.0041214416482451,0.0,14839.0,1742356.9489947243,0.7572037670014481,4.581609742393932,3238.8179775972126,36.72379806663068,2.3106402404028703,0.0,0.0,291.0,1.0,0.0,0,0,0,3261756.005694823,12077.909809264305,14.997776566958851,9.39921621983879,True
070104,2021,247.0,42.0,205.0,0.1700404858299595,2103711911.74,60721.12,CALLAO,CALLAO,LA PERLA,CALLAO,LIMA METROPOLITANA,LIMA Y CALLAO,La Perla,-12.0658333333333,-77.1080555555555,37.0,2.75,26569.4545454545,0.0,0.9256351241804658,0.0684746590311126,0.0027732610231199,11091.0,1196803.6715354251,0.7522691191666916,3.275953994760412,3385.5786795965505,24.88053317594523,2.908015140049525,0.1805139186295503,0.8194860813704495,524.0,1.0,0.0,0,0,0,8517052.274251012,245.83449392712552,15.9575809791525,5.508718046961676,True
070104,2022,336.0,59.0,277.0,0.175595238095238,2258514344.19,70858.0,CALLAO,CALLAO,LA PERLA,CALLAO,LIMA METROPOLITANA,LIMA Y CALLAO,La Perla,-12.0658333333333,-77.1080555555555,37.0,2.75,26569.4545454545,0.0,0.9256351241804658,0.0684746590311126,0.0027732610231199,11091.0,1196803.6715354251,0.7522691191666916,3.275953994760412,3385.5786795965505,24.88053317594523,2.908015140049525,0.1805139186295503,0.8194860813704495,563.0,1.0,0.0,0,0,0,6721768.881517857,210.88690476190476,15.720862053048037,5.356052664223054,True
070104,2023,537.0,97.0,440.0,0.180633147113594,3840884714.44,0.0,CALLAO,CALLAO,LA PERLA,CALLAO,LIMA METROPOLITANA,LIMA Y CALLAO,La Perla,-12.0658333333333,-77.1080555555555,37.0,2.75,26569.4545454545,0.0,0.9256351241804658,0.0684746590311126,0.0027732610231199,11091.0,1196803.6715354251,0.7522691191666916,3.275953994760412,3385.5786795965505,24.88053317594523,2.908015140049525,0.1805139186295503,0.8194860813704495,655.0,1.0,0.0,0,0,0,7152485.5017504655,0.0,15.782970616697417,0.0,True
070104,2024,544.0,48.0,496.0,0.088235294117647,2752748361.45,0.0,CALLAO,CALLAO,LA PERLA,CALLAO,LIMA METROPOLITANA,LIMA Y CALLAO,La Perla,-12.0658333333333,-77.1080555555555,37.0,2.75,26569.4545454545,0.0,0.9256351241804658,0.0684746590311126,0.0027732610231199,11091.0,1196803.6715354251,0.7522691191666916,3.275953994760412,3385.5786795965505,24.88053317594523,2.908015140049525,0.1805139186295503,0.8194860813704495,18.0,0.0,0.0,1,1,0,5060199.193841912,0.0,15.436916604481391,0.0,True
080909,2021,11.0,11.0,0.0,1.0,55182818.94,173655.1,CUSCO,LA CONVENCION,VILCABAMBA,CUSCO,SUR,MACROREGION SUR,Lucma,-13.0630555555556,-72.9344444444445,2656.0,3318.86,3.9579855733595295,4.911603846053876e-05,0.000426998893585,0.0165869358572951,0.0016074159491853,9752.0,520879.1111628746,0.771815894231188,2374.904719809733,4.106269998394415,3033.495584828552,29.89824354990649,0.3676451365405926,0.570121906169191,802.0,0.0,0.0,0,0,0,5016619.903636363,15786.827272727272,15.42826713825071,9.666994496307845,True
080909,2022,19.0,19.0,0.0,1.0,88609075.02,689807.5599999999,CUSCO,LA CONVENCION,VILCABAMBA,CUSCO,SUR,MACROREGION SUR,Lucma,-13.0630555555556,-72.9344444444445,2656.0,3318.86,3.9579855733595295,4.911603846053876e-05,0.000426998893585,0.0165869358572951,0.0016074159491853,9752.0,520879.1111628746,0.771815894231188,2374.904719809733,4.106269998394415,3033.495584828552,29.89824354990649,0.3676451365405926,0.570121906169191,1447.0,1.0,0.0,0,0,1,4663635.527368421,36305.66105263158,15.355306072450865,10.499756503491358,True
081001,2022,14.0,9.0,5.0,0.6428571428571429,58237922.7,1505.0,CUSCO,PARURO,PARURO,CUSCO,SUR,MACROREGION SUR,Paruro,-13.7616666666667,-71.8477777777778,3086.0,153.42,23.784382740190296,0.0762447523416662,0.0073851433495395,0.0020846573211908,0.0004621900704633,6181.0,310918.71057852864,0.7928761041602199,153.24725380647286,40.33351232385299,3741.589679863168,20.337513226635146,0.0849280558112494,0.7992345332106001,45.0,1.0,0.0,0,0,1,4159851.6214285716,107.5,15.240990204068668,4.686750172980514,True
090201,2021,17.0,11.0,6.0,0.6470588235294118,70076703.31,4695687.95,HUANCAVELICA,ACOBAMBA,ACOBAMBA,HUANCAVELICA,CENTRO,MACROREGION CENTRO,Acobamba,-12.8430555555556,-74.5691666666667,3449.0,123.02,85.6771256706227,0.2162954545037418,0.0165952740436133,0.0087204227284212,0.0019097450193543,7984.0,464472.45685704495,0.7764966807557729,123.88146358655152,64.4487057938403,3439.031380543237,20.025858731006604,0.0426686573674101,0.7637496749733688,178.0,1.0,0.0,0,0,0,4122159.018235294,276216.93823529413,15.231887860211623,12.52894546439182,True
090401,2021,30.0,19.0,11.0,0.6333333333333333,82051026.67999999,5484665.69,HUANCAVELICA,CASTROVIRREYNA,CASTROVIRREYNA,HUANCAVELICA,CENTRO,MACROREGION CENTRO,Castrovirreyna,-13.2833333333333,-75.3183333333333,3989.0,937.94,4.03970403224087,0.0002752902764476,0.0021498870284089,0.2981345354432346,0.0067638010318445,4248.0,243089.3546133041,0.7763479519389892,926.2250471167584,4.586358372863678,4450.558262744853,17.0109100224422,0.7114317952306092,0.2610640957790148,32.0,0.0,0.0,0,0,0,2735034.2226666664,182822.18966666667,14.821654872244018,12.116274788089124,True
090401,2022,12.0,9.0,3.0,0.75,81742561.51,5442733.38,HUANCAVELICA,CASTROVIRREYNA,CASTROVIRREYNA,HUANCAVELICA,CENTRO,MACROREGION CENTRO,Castrovirreyna,-13.2833333333333,-75.3183333333333,3989.0,937.94,4.03970403224087,0.0002752902764476,0.0021498870284089,0.2981345354432346,0.0067638010318445,4248.0,243089.3546133041,0.7763479519389892,926.2250471167584,4.586358372863678,4450.558262744853,17.0109100224422,0.7114317952306092,0.2610640957790148,41.0,0.0,0.0,0,1,1,6811880.1258333335,453561.115,15.734178869912705,13.024887507184525,True
130201,2021,55.0,21.0,34.0,0.3818181818181818,184548797.98,5997472.09,LA LIBERTAD,ASCOPE,ASCOPE,LA LIBERTAD,NORTE,MACROREGION NORTE,Ascope,-7.71361111111111,-79.1072222222222,242.0,290.18,30.1226824729478,0.087999686135222,0.0042851415515166,0.8248400278589834,0.0009210137985636,4698.0,423512.3110964103,0.7560115582565391,298.9920777577563,15.71279090480225,515.7556652260329,14.815849736580654,0.0062386847384645,0.4201081372021334,85.0,0.0,0.0,0,0,0,3355432.690545454,109044.94709090909,15.02609158696227,11.599524605335349,True
131001,2021,45.0,20.0,25.0,0.4444444444444444,132519570.59,2277870.47,LA LIBERTAD,SANTIAGO DE CHUCO,SANTIAGO DE CHUCO,LA LIBERTAD,NORTE,MACROREGION NORTE,Santiago de Chuco,-8.14527777777777,-78.1736111111111,3126.0,1073.63,23.0982740795246,0.0348129659715324,0.0037526611663339,0.1913861884789469,0.0009694884364753,25595.0,1509215.201320092,0.7825755264265832,1083.8371945046374,23.615170368551592,3151.5860617240514,20.735083594132245,0.0963751401662822,0.7108559874968771,166.0,1.0,0.0,0,0,0,2944879.3464444447,50619.34377777778,14.895578744851747,10.832108825418958,True
131001,2022,20.0,9.0,11.0,0.45,135134381.55,791057.32,LA LIBERTAD,SANTIAGO DE CHUCO,SANTIAGO DE CHUCO,LA LIBERTAD,NORTE,MACROREGION NORTE,Santiago de Chuco,-8.14527777777777,-78.1736111111111,3126.0,1073.63,23.0982740795246,0.0348129659715324,0.0037526611663339,0.1913861884789469,0.0009694884364753,25595.0,1509215.201320092,0.7825755264265832,1083.8371945046374,23.615170368551592,3151.5860617240514,20.735083594132245,0.0963751401662822,0.7108559874968771,138.0,1.0,0.0,0,0,0,6756719.077500001,39552.865999999995,15.726048134637562,10.585418718102556,True
150101,2021,2576.0,465.0,2111.0,0.1805124223602484,53305009331.33,436443094.04,LIMA,LIMA,LIMA,LIMA PROVINCIA,LIMA METROPOLITANA,LIMA Y CALLAO,Lima,-12.0452777777778,-77.0308333333333,162.0,21.98,18063.14831665149,8.636372642206767e-05,0.9707834900326946,0.0085640641889082,0.0041080345868096,48938.0,9906400.801898878,0.7699348155440003,21.63664339403405,2261.8110909705088,128.69336159065105,2.8385423242667924,0.0155434336324711,0.9694996774004336,6524.0,1.0,0.0,0,0,0,20692938.40501941,169426.6669409938,16.84530310850569,12.04018137101068,True
150101,2022,2064.0,414.0,1650.0,0.2005813953488372,61456748437.52,2128527.62,LIMA,LIMA,LIMA,LIMA PROVINCIA,LIMA METROPOLITANA,LIMA Y CALLAO,Lima,-12.0452777777778,-77.0308333333333,162.0,21.98,18063.14831665149,8.636372642206767e-05,0.9707834900326946,0.0085640641889082,0.0041080345868096,48938.0,9906400.801898878,0.7699348155440003,21.63664339403405,2261.8110909705088,128.69336159065105,2.8385423242667924,0.0155434336324711,0.9694996774004336,6222.0,1.0,0.0,0,0,0,29775556.41352713,1031.2633817829458,17.20919839388774,6.939509128385679,True
150101,2023,3516.0,676.0,2840.0,0.19226393629124,62029750273.69,0.0,LIMA,LIMA,LIMA,LIMA PROVINCIA,LIMA METROPOLITANA,LIMA Y CALLAO,Lima,-12.0452777777778,-77.0308333333333,162.0,21.98,18063.14831665149,8.636372642206767e-05,0.9707834900326946,0.0085640641889082,0.0041080345868096,48938.0,9906400.801898878,0.7699348155440003,21.63664339403405,2261.8110909705088,128.69336159065105,2.8385423242667924,0.0155434336324711,0.9694996774004336,4009.0,1.0,0.0,0,0,0,17642136.027784415,0.0,16.68580074790505,0.0,True
150101,2024,3342.0,468.0,2874.0,0.1400359066427289,68192339617.89,0.0,LIMA,LIMA,LIMA,LIMA PROVINCIA,LIMA METROPOLITANA,LIMA Y CALLAO,Lima,-12.0452777777778,-77.0308333333333,162.0,21.98,18063.14831665149,8.636372642206767e-05,0.9707834900326946,0.0085640641889082,0.0041080345868096,48938.0,9906400.801898878,0.7699348155440003,21.63664339403405,2261.8110909705088,128.69336159065105,2.8385423242667924,0.0155434336324711,0.9694996774004336,18.0,0.0,0.0,1,1,0,20404649.795897666,0.0,16.83127341302197,0.0,True
150113,2021,413.0,44.0,369.0,0.1065375302663438,12680187503.04,11592862.69,LIMA,LIMA,JESUS MARIA,LIMA PROVINCIA,LIMA METROPOLITANA,LIMA Y CALLAO,Jesús María,-12.0755555555556,-77.0433333333333,142.0,4.57,31875.7111597374,0.0,0.9498526822654196,0.0002191077417209,0.0,9522.0,1623931.7997329135,0.7635312642189315,4.3519825845001785,2187.968314467323,106.5779384761589,2.6663714447523845,0.0,1.0,729.0,1.0,0.0,0,0,0,30702633.17927361,28069.885447941888,17.239859012761617,10.242488213138499,True
150113,2022,412.0,54.0,358.0,0.1310679611650485,11978140007.14,12233582.92,LIMA,LIMA,JESUS MARIA,LIMA PROVINCIA,LIMA METROPOLITANA,LIMA Y CALLAO,Jesús María,-12.0755555555556,-77.0433333333333,142.0,4.57,31875.7111597374,0.0,0.9498526822654196,0.0002191077417209,0.0,9522.0,1623931.7997329135,0.7635312642189315,4.3519825845001785,2187.968314467323,106.5779384761589,2.6663714447523845,0.0,1.0,755.0,1.0,0.0,0,0,1,29073155.35713592,29693.162427184467,17.18532584445777,10.298705754198808,True
150113,2023,377.0,64.0,313.0,0.169761273209549,11566085080.3,0.0,LIMA,LIMA,JESUS MARIA,LIMA PROVINCIA,LIMA METROPOLITANA,LIMA Y CALLAO,Jesús María,-12.0755555555556,-77.0433333333333,142.0,4.57,31875.7111597374,0.0,0.9498526822654196,0.0002191077417209,0.0,9522.0,1623931.7997329135,0.7635312642189315,4.3519825845001785,2187.968314467323,106.5779384761589,2.6663714447523845,0.0,1.0,673.0,1.0,0.0,0,0,0,30679270.770026524,0.0,17.239097797872184,0.0,True
150113,2024,408.0,23.0,385.0,0.0563725490196078,11072706813.87,0.0,LIMA,LIMA,JESUS MARIA,LIMA PROVINCIA,LIMA METROPOLITANA,LIMA Y CALLAO,Jesús María,-12.0755555555556,-77.0433333333333,142.0,4.57,31875.7111597374,0.0,0.9498526822654196,0.0002191077417209,0.0,9522.0,1623931.7997329135,0.7635312642189315,4.3519825845001785,2187.968314467323,106.5779384761589,2.6663714447523845,0.0,1.0,18.0,0.0,0.0,1,1,0,27138987.28889706,0.0,17.116481934185277,0.0,True
150122,2021,396.0,48.0,348.0,0.1212121212121212,4214986544.66,1579958.74,LIMA,LIMA,MIRAFLORES,LIMA PROVINCIA,LIMA METROPOLITANA,LIMA Y CALLAO,Miraflores,-12.1216666666667,-77.0291666666667,125.0,9.62,16889.9168399168,0.0,0.8206268442327034,0.0211847945130203,0.0967991340652543,18798.0,3208088.0188097428,0.7661818014787783,9.213808288418214,2040.1987334193989,78.2042706108923,4.055648865525912,0.5177663912998014,0.402823381783959,1891.0,1.0,1.0,0,0,0,10643905.41580808,3989.7947979797977,16.180498118839644,8.291745687535395,True
150122,2022,314.0,39.0,275.0,0.1242038216560509,3536701294.75,125549.0,LIMA,LIMA,MIRAFLORES,LIMA PROVINCIA,LIMA METROPOLITANA,LIMA Y CALLAO,Miraflores,-12.1216666666667,-77.0291666666667,125.0,9.62,16889.9168399168,0.0,0.8206268442327034,0.0211847945130203,0.0967991340652543,18798.0,3208088.0188097428,0.7661818014787783,9.213808288418214,2040.1987334193989,78.2042706108923,4.055648865525912,0.5177663912998014,0.402823381783959,1757.0,1.0,1.0,0,0,0,11263379.919585988,399.8375796178344,16.237067394895295,5.993556306896862,True
150122,2023,237.0,26.0,211.0,0.1097046413502109,3751907250.65,0.0,LIMA,LIMA,MIRAFLORES,LIMA PROVINCIA,LIMA METROPOLITANA,LIMA Y CALLAO,Miraflores,-12.1216666666667,-77.0291666666667,125.0,9.62,16889.9168399168,0.0,0.8206268442327034,0.0211847945130203,0.0967991340652543,18798.0,3208088.0188097428,0.7661818014787783,9.213808288418214,2040.1987334193989,78.2042706108923,4.055648865525912,0.5177663912998014,0.402823381783959,2314.0,1.0,1.0,0,0,0,15830832.281223629,0.0,16.577470069841574,0.0,True
150122,2024,186.0,20.0,166.0,0.1075268817204301,9365824947.79,0.0,LIMA,LIMA,MIRAFLORES,LIMA PROVINCIA,LIMA METROPOLITANA,LIMA Y CALLAO,Miraflores,-12.1216666666667,-77.0291666666667,125.0,9.62,16889.9168399168,0.0,0.8206268442327034,0.0211847945130203,0.0967991340652543,18798.0,3208088.0188097428,0.7661818014787783,9.213808288418214,2040.1987334193989,78.2042706108923,4.055648865525912,0.5177663912998014,0.402823381783959,18.0,0.0,0.0,1,1,0,50353897.56876344,0.0,17.73458660350103,0.0,True
150128,2021,1615.0,409.0,1206.0,0.2532507739938081,9803484180.77,319429.85000000003,LIMA,LIMA,RIMAC,LIMA PROVINCIA,LIMA METROPOLITANA,LIMA Y CALLAO,Rímac,-12.0422222222222,-77.0269444444444,153.0,11.87,18785.2569502949,7.303250433326191e-05,0.6821115615895995,0.2646027776409412,0.0012885224980209,39177.0,3793273.579015969,0.7644173877023855,12.166712758585495,3220.0151986291094,191.8648747418798,10.569064281345971,0.0241683252772249,0.95166334944555,334.0,1.0,0.0,0,0,0,6070268.842582043,197.7893808049536,15.618913617168182,5.292245876321687,True
150128,2022,1356.0,436.0,920.0,0.3215339233038348,9994141530.55,341359.49,LIMA,LIMA,RIMAC,LIMA PROVINCIA,LIMA METROPOLITANA,LIMA Y CALLAO,Rímac,-12.0422222222222,-77.0269444444444,153.0,11.87,18785.2569502949,7.303250433326191e-05,0.6821115615895995,0.2646027776409412,0.0012885224980209,39177.0,3793273.579015969,0.7644173877023855,12.166712758585495,3220.0151986291094,191.8648747418798,10.569064281345971,0.0241683252772249,0.95166334944555,401.0,1.0,0.0,0,0,1,7370310.863237463,251.74003687315633,15.812970578499218,5.5323614382241555,True
150128,2023,2889.0,551.0,2338.0,0.1907234337140879,10275990123.03,0.0,LIMA,LIMA,RIMAC,LIMA PROVINCIA,LIMA METROPOLITANA,LIMA Y CALLAO,Rímac,-12.0422222222222,-77.0269444444444,153.0,11.87,18785.2569502949,7.303250433326191e-05,0.6821115615895995,0.2646027776409412,0.0012885224980209,39177.0,3793273.579015969,0.7644173877023855,12.166712758585495,3220.0151986291094,191.8648747418798,10.569064281345971,0.0241683252772249,0.95166334944555,305.0,1.0,0.0,0,0,0,3556936.6988681206,0.0,15.08441053569936,0.0,True
150128,2024,3021.0,364.0,2657.0,0.1204899040052962,10020599732.36,0.0,LIMA,LIMA,RIMAC,LIMA PROVINCIA,LIMA METROPOLITANA,LIMA Y CALLAO,Rímac,-12.0422222222222,-77.0269444444444,153.0,11.87,18785.2569502949,7.303250433326191e-05,0.6821115615895995,0.2646027776409412,0.0012885224980209,39177.0,3793273.579015969,0.7644173877023855,12.166712758585495,3220.0151986291094,191.8648747418798,10.569064281345971,0.0241683252772249,0.95166334944555,18.0,0.0,0.0,1,1,0,3316981.043482291,0.0,15.014565904433166,0.0,True
150130,2021,207.0,7.0,200.0,0.0338164251207729,7871484449.16,7563099.07,LIMA,LIMA,SAN BORJA,LIMA PROVINCIA,LIMA METROPOLITANA,LIMA Y CALLAO,San Francisco de Borja,-12.1072222222222,-76.9988888888889,170.0,9.96,15161.4457831325,0.0,0.9330954817495746,0.001732397659815,0.0,24175.0,3240230.9577874746,0.7622906927953955,10.367065721494942,2331.903804745432,160.0694908036291,2.5560902629039592,0.0,1.0,1646.0,1.0,0.0,0,0,0,38026494.92347826,36536.71048309179,17.45379373586121,10.506100170144387,True
150130,2022,346.0,71.0,275.0,0.2052023121387283,6752987115.28,1608939.48,LIMA,LIMA,SAN BORJA,LIMA PROVINCIA,LIMA METROPOLITANA,LIMA Y CALLAO,San Francisco de Borja,-12.1072222222222,-76.9988888888889,170.0,9.96,15161.4457831325,0.0,0.9330954817495746,0.001732397659815,0.0,24175.0,3240230.9577874746,0.7622906927953955,10.367065721494942,2331.903804745432,160.0694908036291,2.5560902629039592,0.0,1.0,1577.0,1.0,1.0,0,0,0,19517303.801387284,4650.114104046243,16.786812055716748,8.444862062151767,True
150130,2023,1391.0,271.0,1120.0,0.1948238677210639,10784702334.79,0.0,LIMA,LIMA,SAN BORJA,LIMA PROVINCIA,LIMA METROPOLITANA,LIMA Y CALLAO,San Francisco de Borja,-12.1072222222222,-76.9988888888889,170.0,9.96,15161.4457831325,0.0,0.9330954817495746,0.001732397659815,0.0,24175.0,3240230.9577874746,0.7622906927953955,10.367065721494942,2331.903804745432,160.0694908036291,2.5560902629039592,0.0,1.0,1685.0,1.0,1.0,0,0,0,7753200.815808771,0.0,15.863616453535434,0.0,True
150130,2024,1034.0,128.0,906.0,0.1237911025145067,6883119402.25,0.0,LIMA,LIMA,SAN BORJA,LIMA PROVINCIA,LIMA METROPOLITANA,LIMA Y CALLAO,San Francisco de Borja,-12.1072222222222,-76.9988888888889,170.0,9.96,15161.4457831325,0.0,0.9330954817495746,0.001732397659815,0.0,24175.0,3240230.9577874746,0.7622906927953955,10.367065721494942,2331.903804745432,160.0694908036291,2.5560902629039592,0.0,1.0,18.0,0.0,1.0,1,1,0,6656788.590183753,0.0,15.711147882780292,0.0,True
150131,2021,170.0,10.0,160.0,0.0588235294117647,18270029296.62,61255.0,LIMA,LIMA,SAN ISIDRO,LIMA PROVINCIA,LIMA METROPOLITANA,LIMA Y CALLAO,San Isidro,-12.0977777777778,-77.0272222222222,195.0,11.1,8263.33333333333,5.217457760637737e-05,0.8880443792548004,0.002781051957061,0.0010232830889701,19865.0,3077820.055989938,0.7687204682613962,9.801323192711498,2026.7671629043,107.66468892883243,3.482747317688314,0.8208725931995086,0.1399528881605899,2315.0,1.0,1.0,0,0,0,107470760.56835294,360.3235294117647,18.49272938312658,5.889773760339118,True
150131,2022,130.0,29.0,101.0,0.2230769230769231,12405777887.79,160205.7,LIMA,LIMA,SAN ISIDRO,LIMA PROVINCIA,LIMA METROPOLITANA,LIMA Y CALLAO,San Isidro,-12.0977777777778,-77.0272222222222,195.0,11.1,8263.33333333333,5.217457760637737e-05,0.8880443792548004,0.002781051957061,0.0010232830889701,19865.0,3077820.055989938,0.7687204682613962,9.801323192711498,2026.7671629043,107.66468892883243,3.482747317688314,0.8208725931995086,0.1399528881605899,2281.0,1.0,1.0,0,0,0,95429060.6753077,1232.3515384615384,18.37389371974851,7.117490570770026,True
150131,2023,278.0,25.0,253.0,0.0899280575539568,12354848331.23,0.0,LIMA,LIMA,SAN ISIDRO,LIMA PROVINCIA,LIMA METROPOLITANA,LIMA Y CALLAO,San Isidro,-12.0977777777778,-77.0272222222222,195.0,11.1,8263.33333333333,5.217457760637737e-05,0.8880443792548004,0.002781051957061,0.0010232830889701,19865.0,3077820.055989938,0.7687204682613962,9.801323192711498,2026.7671629043,107.66468892883243,3.482747317688314,0.8208725931995086,0.1399528881605899,1802.0,1.0,1.0,0,0,0,44441900.47205036,0.0,17.609693309220223,0.0,True
150131,2024,214.0,14.0,200.0,0.0654205607476635,12665820153.99,0.0,LIMA,LIMA,SAN ISIDRO,LIMA PROVINCIA,LIMA METROPOLITANA,LIMA Y CALLAO,San Isidro,-12.0977777777778,-77.0272222222222,195.0,11.1,8263.33333333333,5.217457760637737e-05,0.8880443792548004,0.002781051957061,0.0010232830889701,19865.0,3077820.055989938,0.7687204682613962,9.801323192711498,2026.7671629043,107.66468892883243,3.482747317688314,0.8208725931995086,0.1399528881605899,18.0,0.0,1.0,1,1,0,59186075.48593458,0.0,17.896196877697324,0.0,True
150701,2022,34.0,11.0,23.0,0.3235294117647059,124895946.49,0.0,LIMA,HUAROCHIRI,MATUCANA,LIMA REGION,CENTRO,LIMA Y CALLAO,Matucana,-11.845,-76.3861111111111,2395.0,179.44,32.9803834150691,0.0005913687873046,0.0058242613735027,0.1285168154060195,0.0004690790390356,4177.0,259974.72958993912,0.7502296858065602,181.30937694110008,23.037970073422816,3843.749649603972,28.50438122875705,0.2307692307692307,0.6307692307692307,111.0,0.0,0.0,0,1,1,3673410.1908823526,0.0,15.116631268136338,0.0,True
151001,2021,11.0,9.0,2.0,0.8181818181818182,85030105.28,0.0,LIMA,YAUYOS,YAUYOS,LIMA REGION,CENTRO,LIMA Y CALLAO,Yauyos,-12.4597222222222,-75.9183333333333,2895.0,327.17,5.73707858299966,0.0004963321931441,0.0029696617397496,0.2028486759402879,0.0057027585493464,1813.0,120070.95182743912,0.765094649278848,333.68771421651644,5.4332237081513215,3984.8141188701225,25.555723108077128,0.5287051099145534,0.4126743062267016,15.0,0.0,0.0,0,0,0,7730009.570909091,0.0,15.860620788080016,0.0,True
180106,2022,23.0,7.0,16.0,0.3043478260869565,113918700.09,0.0,MOQUEGUA,MARISCAL NIETO,TORATA,MOQUEGUA,SUR,MACROREGION SUR,Torata,-17.0766666666667,-70.8441666666667,2203.0,1793.37,4.91253896295801,0.0006058095894452,0.0032686161537457,0.6320324815709609,0.0006127736160107,15172.0,993534.4002623258,0.7757506130467987,1774.8599534080963,8.548280088728488,3559.771990080944,17.59787164051405,0.1651414865591045,0.6286026973537623,462.0,1.0,0.0,0,0,1,4952986.960434782,0.0,15.415501580805213,0.0,True
190113,2021,198.0,72.0,126.0,0.3636363636363636,555372443.47,14791374.7,PASCO,PASCO,YANACANCHA,PASCO,CENTRO,MACROREGION CENTRO,Yanacancha,-10.6633333333333,-76.2530555555555,4394.0,165.11,177.627036521107,0.0008688243110759,0.0229015561066053,0.003812263110898,0.0015087503146082,16694.0,1155206.2019227596,0.7841003415105271,158.38393319483464,105.4021052720292,4154.708924537464,20.46524914322173,0.4262718600953895,0.4769475357710651,147.0,0.0,0.0,0,0,0,2804911.3306565657,74703.91262626262,14.846882841782605,11.221301133700974,True
190113,2022,167.0,50.0,117.0,0.2994011976047904,665037541.78,2497112.21,PASCO,PASCO,YANACANCHA,PASCO,CENTRO,MACROREGION CENTRO,Yanacancha,-10.6633333333333,-76.2530555555555,4394.0,165.11,177.627036521107,0.0008688243110759,0.0229015561066053,0.003812263110898,0.0015087503146082,16694.0,1155206.2019227596,0.7841003415105271,158.38393319483464,105.4021052720292,4154.708924537464,20.46524914322173,0.4262718600953895,0.4769475357710651,152.0,1.0,0.0,0,0,1,3982260.729221557,14952.767724550898,15.19736048952804,9.612718568775787,True
230103,2022,32.0,4.0,28.0,0.125,88322373.57000001,360.0,TACNA,TACNA,CALANA,TACNA,SUR,MACROREGION SUR,Calana,-17.9433333333333,-70.1883333333333,881.0,108.38,40.9761948699022,0.0188879541893061,0.0089854342489964,0.912869545054419,0.0038280475093742,18241.0,938362.2359789537,0.7716924345818118,110.35995268595518,165.2864064911965,1054.162358724591,11.453161069551234,0.3902877697841727,0.5809352517985612,93.0,0.0,0.0,0,1,1,2760074.1740625002,11.25,14.83076847430158,2.505525936990736,True
230301,2022,15.0,5.0,10.0,0.3333333333333333,95515829.3,0.0,TACNA,JORGE BASADRE,LOCUMBA,TACNA,SUR,MACROREGION SUR,Locumba,-17.6138888888889,-70.7627777777778,589.0,968.99,3.00931898162004,0.0099082672618128,0.0014602068972861,0.970576175989707,0.0026098932169894,4509.0,250432.2121562957,0.75849687298324,848.7807444560964,5.312325979884703,923.3830338311628,7.882825335707705,0.8500264559918258,0.1329596044373084,1587.0,0.0,0.0,0,0,1,6367721.953333333,0.0,15.666752499487913,0.0,True
230302,2021,29.0,13.0,16.0,0.4482758620689655,129077789.75,0.0,TACNA,JORGE BASADRE,ILABAYA,TACNA,SUR,MACROREGION SUR,Ilabaya,-17.4180555555556,-70.5130555555556,1387.0,1111.39,4.31531685546928,0.0020018653921597,0.0028972207598383,0.8742634995194407,0.0008219160857118,5023.0,586980.710021555,0.7839344815383886,1061.3562009626971,4.732624160902736,2232.0515786581323,20.950656476788385,0.3902770670820433,0.5584708038216574,1342.0,0.0,0.0,0,0,0,4450958.267241379,0.0,15.308630196583701,0.0,True
230302,2022,30.0,15.0,15.0,0.5,146197758.86,0.0,TACNA,JORGE BASADRE,ILABAYA,TACNA,SUR,MACROREGION SUR,Ilabaya,-17.4180555555556,-70.5130555555556,1387.0,1111.39,4.31531685546928,0.0020018653921597,0.0028972207598383,0.8742634995194407,0.0008219160857118,5023.0,586980.710021555,0.7839344815383886,1061.3562009626971,4.732624160902736,2232.0515786581323,20.950656476788385,0.3902770670820433,0.5584708038216574,1159.0,0.0,0.0,0,0,1,4873258.628666667,0.0,15.39927359942682,0.0,True
230302,2023,41.0,15.0,26.0,0.3658536585365853,226420911.22,0.0,TACNA,JORGE BASADRE,ILABAYA,TACNA,SUR,MACROREGION SUR,Ilabaya,-17.4180555555556,-70.5130555555556,1387.0,1111.39,4.31531685546928,0.0020018653921597,0.0028972207598383,0.8742634995194407,0.0008219160857118,5023.0,586980.710021555,0.7839344815383886,1061.3562009626971,4.732624160902736,2232.0515786581323,20.950656476788385,0.3902770670820433,0.5584708038216574,1001.0,1.0,0.0,0,0,0,5522461.249268292,0.0,15.5243343784483,0.0,True
230302,2024,51.0,30.0,21.0,0.5882352941176471,185897458.26,0.0,TACNA,JORGE BASADRE,ILABAYA,TACNA,SUR,MACROREGION SUR,Ilabaya,-17.4180555555556,-70.5130555555556,1387.0,1111.39,4.31531685546928,0.0020018653921597,0.0028972207598383,0.8742634995194407,0.0008219160857118,5023.0,586980.710021555,0.7839344815383886,1061.3562009626971,4.732624160902736,2232.0515786581323,20.950656476788385,0.3902770670820433,0.5584708038216574,18.0,0.0,0.0,1,1,0,3645048.2011764706,0.0,15.108880421598945,0.0,True
230303,2022,23.0,0.0,23.0,0.0,99837419.15,7032992.460000001,TACNA,JORGE BASADRE,ITE,TACNA,SUR,MACROREGION SUR,Ite,-17.8616666666667,-70.9658333333333,160.0,848.18,4.0003301186069,0.0140568764087934,0.0024023363889008,0.8836496950503832,0.0065205198727368,5881.0,423973.0106494674,0.7622385137929658,841.7716206022781,6.986455537420246,541.2540717053583,10.494003823571594,0.1396063614071861,0.2941878508418317,335.0,0.0,0.0,0,1,1,4340757.354347826,305782.28086956526,15.28355962683687,12.630631897567035,True
