ubigeo,pct_agua_permanente,pct_agua_estacional
010101,0.019573978123200934,0.4485895221646519
010102,0.0,0.0
010103,0.14673928652555232,0.5818344173222383
010104,0.0,1.0
010105,0.0,0.0
010106,0.27101994986608313,0.6424507689942107
010107,0.5052937007957298,0.33137544554874326
010108,0.0,0.628198695434019
010109,0.0,0.590080971659919
010110,0.4232558139534884,0.5627906976744186
010111,0.0,0.27264692885550157
010112,0.0,0.15008194802154062
010114,0.5544475767754319,0.29260136756238003
010116,0.0,0.18146678242176198
010117,0.0,0.0
010121,0.0,0.7458508793658658
010201,0.09303254729545081,0.36051430884128277
010202,0.021433366485675707,0.8894960233352263
010203,0.039554739260018616,0.3445075649714298
010204,0.0,0.29344073647871116
010205,0.05224868615477415,0.6430720647873661
010206,0.0,0.0
010301,0.0,0.7732769044740024
010302,0.0,0.1409952606635071
010303,0.14710588880760794,0.44399231894659846
010304,0.0,0.0
010305,0.0,1.0
010306,0.9506165917916142,0.03225761893270346
010307,0.1284798879974153,0.4056324376716385
010308,0.0,0.0
010309,0.010572139303482586,0.19054726368159203
010310,0.05754530619256205,0.7050244782272609
010311,0.039148589469396075,0.5680008147469193
010312,0.007169164159802074,0.29527718759915333
010401,0.17587354279022735,0.47969837482915123
010402,0.2042484831529436,0.35822922312951333
010403,0.5774157212477973,0.2521398156024633
010501,0.03280787742305824,0.7302070914469907
010502,0.0,0.971209471276739
010503,0.29690583957854133,0.6646583067448243
010504,0.0,0.25377747252747257
010505,0.0,0.11025008805917576
010506,0.0,0.5500719989527424
010509,0.0741020574218296,0.2115541090317331
010510,0.0,0.42553191489361697
010512,0.0,1.0
010513,0.07437123970066103,0.8969908605319881
010514,0.20436941133933176,0.7710671357780899
010515,0.008929259256665429,0.9472508386500361
010516,0.12933976697657995,0.40467223726020946
010518,0.08286807823308402,0.3729063520488782
010519,0.0,0.01886792452830189
010520,0.0,1.0
010521,0.0,1.0
010522,0.0,0.3531762436268431
010601,0.09941459431416672,0.8904091086300524
010602,0.0,0.603870337586228
010605,0.26139802792150735,0.6236454163819193
010606,0.0,1.0
010607,0.0022600906399749474,0.9966098640400376
010608,0.0,0.37415546304511016
010609,0.0,1.0
010611,0.0,0.022923820996422085
010612,0.08500772797527048,0.6907900718247113
010701,0.11031675757105774,0.24384889212397431
010702,0.06899615107100476,0.2905489978267166
010703,0.010859768724115565,0.6133457661793323
010704,0.02255424907370761,0.3826232440167082
010705,0.08409215305767026,0.3396756500204775
010706,0.002397221488164899,0.9271018158480879
010707,0.029254022428083858,0.8098660624659424
020101,0.6101246515230246,0.29216546704311724
020102,0.4367816091954023,0.5632183908045977
020104,0.0,1.0
020105,0.6921859856923627,0.23985613525243615
020106,0.17501149480918615,0.4802894271955086
020107,0.27586206896551724,0.7241379310344828
020108,0.6868788698890433,0.2758016454283234
020109,0.011111111111111112,0.9888888888888889
020110,0.3914285714285714,0.5971428571428572
020111,0.13675213675213677,0.8547008547008547
020112,0.7278872583692216,0.24305586643865257
020201,0.3136241714974122,0.6831646595111468
020202,0.0,0.8989148208711164
020203,0.0,1.0
020204,0.4435375970029435,0.5564624029970564
020205,0.28881459966021816,0.6972105003562229
020301,0.16809881847475822,0.7269635126777981
020302,0.0,0.8447218172983478
020303,0.12342004741151749,0.8335783273465078
020304,0.025135869565217385,0.9244414251207728
020305,0.0,0.9566566098669953
020306,0.23592832461622704,0.6774041275655671
020401,0.8027448869752422,0.18945102260495156
020402,0.34903755552564275,0.5823125588908332
020501,0.15716771978237357,0.8188431929004846
020502,0.16431001761075117,0.5047446441089475
020503,0.0,1.0
020504,0.5316370775249636,0.40533593209327284
020505,0.06315789473684211,0.7473684210526316
020506,0.302604480753695,0.6538737242140474
020507,0.16666666666666666,0.16666666666666666
020508,0.4139698971790879,0.5419138997601313
020509,0.3891770780058937,0.6066827403131926
020510,0.5625,0.4375
020511,0.3317145505097312,0.6019462465245595
020512,0.07536786877336872,0.8791762151730792
020513,0.6877916414584619,0.2959153723127056
020514,0.12312892322549494,0.876871076774505
020515,0.08436026796791002,0.83127946406418
020601,0.5475293530446357,0.40934425060607493
020604,0.1922991661408864,0.44794775164981326
020605,0.12841469700316616,0.6376997275605623
020606,0.6863606987179783,0.2905198216078214
020607,0.0921969345099861,0.5058058522991177
020608,0.7878038435746506,0.18661913304637395
020609,0.8775280898876404,0.11685393258426967
020610,0.12504762630496075,0.7758134572887296
020611,0.30246625213441153,0.3950674957311769
020701,0.5889868851272275,0.40793648878539623
020702,0.20010982621616377,0.703043592267322
020703,0.0,0.7529176025014312
020801,0.3054758945372986,0.619294785887385
020802,0.24509803921568626,0.7401960784313726
020803,0.27136432999277177,0.6401720655753166
020804,0.13264945171559958,0.5065440396179696
020901,0.4485356699362364,0.5514643300637636
020902,0.2951662190943606,0.7048337809056393
020903,0.42137458252768506,0.5673455038545564
020904,0.46267099254105226,0.5328982360896464
020905,0.6128753827112241,0.37558356676003757
020906,0.03571428571428571,0.9642857142857143
020907,0.5668228642243047,0.4277941290372549
021001,0.6598693611950336,0.3371885461117402
021002,0.2954989021712613,0.7045010978287387
021003,0.23882367632367635,0.6645021645021645
021004,0.4625186331219769,0.5230746498276844
021005,0.0,0.6349817021675893
021006,0.13122429251094644,0.8512993536402754
021007,0.1323529411764706,0.8455882352941176
021008,0.6580231578013397,0.341348357807255
021009,0.0,0.7473976405274116
021010,0.15135375815594337,0.8276026236021444
021011,0.00829970055982294,0.8812003645358678
021012,0.07914338919925511,0.802607076350093
021013,0.35365586690017514,0.6279553415061295
021014,0.343523473113444,0.6249531964126165
021015,0.18220338983050846,0.8135593220338984
021016,0.0,0.9267871712797338
021101,0.27333981904005733,0.6754565443107555
021102,0.0,1.0
021103,0.3726110709564834,0.5555078041061905
021104,0.5846855472686959,0.3598064906268898
021105,0.10363747205852468,0.8963625279414753
021201,0.7647048517323444,0.2109751646201691
021202,0.32076151898000377,0.6216933996615954
021203,0.13008568101635412,0.5042319122682007
021204,0.0,0.7366300875121545
021205,0.08419198863021954,0.6215222529467197
021206,0.35338854149062027,0.6466114585093797
021207,0.10645189787685146,0.6320268559144849
021208,0.6965154777196824,0.23506127162749746
021209,0.15384615384615385,0.8461538461538461
021210,0.607841609944716,0.37890262998114593
021301,0.0,0.8887640449438202
021302,0.0,1.0
021303,0.10785581192059078,0.7839893262174784
021304,0.342913957968825,0.6181427272707165
021305,0.0,0.8039513677811551
021306,0.1418621211446882,0.5236548132983221
021307,0.42889231303441994,0.5683406397847129
021308,0.0,1.0
021401,0.4292117072308066,0.5693790481243229
021402,0.05006380681260429,0.8405811328163344
021403,0.3152996707945852,0.6710225482242352
021404,0.18937910623012127,0.7088151360446432
021405,0.34772580459261765,0.5404313318698285
021406,0.2830188679245283,0.7169811320754716
021407,0.19851215870307168,0.7747440273037542
021408,0.05661395426057361,0.7858299091022288
021409,0.23076923076923078,0.7692307692307693
021410,0.4921875,0.5078125
021501,0.5371713643557774,0.4625123416669561
021502,0.08159270880023908,0.8075451964739282
021503,0.3408066623774681,0.6451308938183591
021505,0.5061308758700873,0.49386912412991246
021506,0.01942535439860016,0.9676413156493293
021507,0.3333333333333333,0.6666666666666666
021508,0.2654953835355316,0.6235412044393058
021509,0.41480755087031135,0.5748829047367131
021510,0.16637625912930076,0.7559420871397072
021511,0.11882015727679349,0.6071992814946334
021601,0.4096045197740113,0.5536723163841808
021602,0.5608093248295579,0.36606553771717615
021603,0.31976733981795774,0.6699019583753103
021604,0.327856032072775,0.6536445926631729
021701,0.3958978547686304,0.44334308954157164
021702,0.5401510768657823,0.43154043237936107
021703,0.4507269789983845,0.5460420032310178
021704,0.36089769510715725,0.6391023048928427
021706,0.2111111111111111,0.7888888888888889
021707,0.0,1.0
021709,0.07352941176470588,0.9264705882352942
021710,0.6517387640677031,0.2549181257646591
021801,0.13107801129101831,0.3738565172043109
021802,0.59,0.40444444444444444
021803,0.5121151960198052,0.48274212452460097
021804,0.40165765851285373,0.5474710918357055
021805,0.020465489566613163,0.7776886035313002
021806,0.5023781259581293,0.3524264746346334
021807,0.6354549793990548,0.2736132047030448
021808,0.12531422313171428,0.2546776784040049
021809,0.4320649294313265,0.45530803132726155
021902,0.28611602092121285,0.6748862309646965
021903,0.320555856170779,0.6704177061834685
021904,0.11853619729514717,0.8814638027048528
021905,0.09009009009009009,0.8648648648648649
021906,0.07348242811501597,0.9169329073482428
021907,0.29019601850543053,0.6843914868907135
021908,0.05855855855855856,0.9009009009009009
021909,0.19047619047619047,0.8095238095238095
021910,0.0,0.0
022001,0.7195161963848952,0.23703990932410662
022002,0.3142857142857143,0.6857142857142857
022003,0.0,0.27072235243980397
022004,0.08163510773566103,0.5636190247087529
022005,0.42790697674418604,0.5674418604651162
022006,0.0,0.7777777777777778
022007,0.21309027476516867,0.6119358683392163
022008,0.6292195133774459,0.3169209887571977
030101,0.19992542396767973,0.7975436886362567
030102,0.4094159427940682,0.5861276986678916
030103,0.34935517955442763,0.5685799799053759
030104,0.3018069869288585,0.6308099984373864
030105,0.22149345086678746,0.7446210788577109
030106,0.20778075900352863,0.7732237352543423
030107,0.09074578966056479,0.8464743546101372
030108,0.25855632423965536,0.7226906844189182
030109,0.34,0.66
030201,0.0,0.5374936235334127
030202,0.3310767664215942,0.635937661799731
030203,0.0,0.9361884650917247
030204,0.10594801064161825,0.8827415543302172
030205,0.0,0.6623231571109457
030206,0.0,1.0
030207,0.09817704535511157,0.863742161295027
030208,0.2075350969558315,0.7446414419106934
030209,0.9487756130182161,0.04026496770140613
030210,0.7792013768540319,0.1943850171509161
030211,0.4612210474954625,0.5205446320221588
030212,0.06455441627377931,0.8358247337707296
030213,0.20771680089904476,0.7581944184304177
030214,0.004914996675847658,0.9432994586380472
030215,0.0,0.9953484508680123
030216,0.0,0.7808778496087104
030217,0.3082238566917475,0.6473175891675699
030218,0.0,0.8888888888888888
030219,0.14644145846936316,0.8132478779339499
030220,0.375641575652947,0.5874532870899213
030301,0.2529219386660948,0.6413320287368647
030302,0.2739270550923321,0.7130287994270806
030303,0.1629712368257617,0.8085251341756196
030304,0.09448680695048461,0.7430329387444663
030305,0.6532830370235777,0.32485521470194567
030306,0.07825286415711948,0.9021839198036007
030307,0.34073169225884403,0.6536456725553664
030401,0.20187793427230047,0.704225352112676
030402,0.47545582047685836,0.4964936886395512
030403,0.4329901187411775,0.5246616291621689
030404,0.13153846153846152,0.6949133749133748
030405,0.13537471469752702,0.5882570549106926
030406,0.5949877471765869,0.3611389569601301
030407,0.0,0.5238760773351967
030408,0.04087064196577898,0.6480525537115657
030409,0.34734734734734735,0.6126126126126126
030410,0.3010701366559485,0.6957269895498391
030411,0.1498596086454955,0.8270139085388416
030412,0.4517086039659578,0.5419073086847058
030413,0.0,0.5215759849906191
030414,0.2823280199120902,0.6612879309431763
030415,0.04493596196551711,0.8285186986536366
030416,0.4261665141811528,0.5427264409881062
030417,0.148566527216967,0.7428811872375203
030501,0.19837341991614915,0.7585032941398987
030502,0.2576287181829931,0.7311697718522616
030503,0.2565398723682227,0.7002864177679513
030504,0.506277933235302,0.4889818187082617
030505,0.0016604203235447601,0.978544997390768
030506,0.4719695367040406,0.48677808335096256
030601,0.14021787001501007,0.6371349733504708
030602,0.15069437604648872,0.5776617748448735
030603,0.20477673594276022,0.6771635425312482
030604,0.21321416871732107,0.6185902617225155
030605,0.26003663962313533,0.6628631248364302
030606,0.27450980392156865,0.6862745098039216
030607,0.26222187247939244,0.6751785327851115
030608,0.0,1.0
030609,0.5,0.5
030610,0.3263653939101015,0.5802412908502806
030611,0.17542146413447163,0.5830775717217558
030612,0.1392889231164163,0.7480254995079791
030701,0.4414976599063963,0.5273010920436817
030702,0.5969377938499336,0.39428185912963687
030703,0.032408646767501006,0.8949939767099452
030704,0.0,0.876012869399428
030705,0.19760568093095887,0.7250622746031158
030706,0.5493479634629747,0.436002757511346
030707,0.5311435707258004,0.46403163551048215
030708,0.3119777989973741,0.6728037717832419
030709,0.0,0.9165302782324057
030710,0.0,1.0
030711,0.0,0.8339678223430774
030712,0.0,1.0
030713,0.09651505298190582,0.8148502352626142
030714,0.2964656642381026,0.6238180127112076
040101,0.1875,0.75
040102,0.0,0.8694192018964836
040103,0.6602207501969545,0.27254931909899194
040104,0.09090909090909091,0.7272727272727273
040105,0.1,0.54
040107,0.0,0.47058823529411764
040108,0.25,0.6827956989247311
040112,0.0,0.75
040113,0.0,1.0
040114,0.6509121061359867,0.2736318407960199
040115,0.0,0.0
040116,0.0,1.0
040117,0.45454545454545453,0.45454545454545453
040118,0.09174311926605505,0.4197247706422018
040119,0.47270791914958116,0.4404848780985274
040120,0.04168191800878477,0.89078513909224
040121,0.14527751780342862,0.8419548530470921
040123,0.617748528173583,0.3756992885971081
040124,0.08670645389294283,0.837370956984002
040125,0.6730948755091682,0.3003850487191868
040126,0.0,0.5
040127,0.4543048019675595,0.5285482857914124
040128,0.29740454402019567,0.6541337961502052
040129,1.0,0.0
040201,0.5746557804724869,0.12967776221073488
040202,0.0,0.6873777791148952
040203,0.10706406931037248,0.5208453504673788
040204,0.45777030018595594,0.3303862438547643
040205,0.02914836960516757,0.6542168283739495
040206,0.27176485574706133,0.48745821795432837
040207,0.36637811356220656,0.5206244738654623
040208,0.431192445823332,0.5117767450569396
040301,0.0,0.9858156028368794
040302,0.0011279115159401434,0.5056697462589461
040303,0.40651069604342477,0.5670754407314302
040304,0.5229059564763637,0.4694136291600634
040305,0.005216174978238872,0.6681980053381528
040306,0.26236616122077816,0.6212467932890915
040307,0.6458604124565549,0.3419385647827502
040308,0.7452327476328297,0.24381453992025315
040309,0.0547945205479452,0.3013698630136986
040310,0.0,0.7926340483734137
040311,0.19309920322812296,0.7574838422870432
040312,0.0,0.5416666666666666
040313,0.2444191091196368,0.597996152565791
040401,0.032623897068171995,0.737611564573957
040402,0.18330633051450249,0.66465956690113
040403,0.12881949976103238,0.7338935797355425
040404,0.8008382482521373,0.17757205490112551
040405,0.02021204492641363,0.6291271301316809
040406,0.19106073094242523,0.7118371059826311
040407,0.10093101818687741,0.7277430081649501
040408,0.06468166474800491,0.7114202649704396
040409,0.66140381928466,0.3128448485883306
040410,0.3333333333333333,0.6666666666666666
040411,0.0,1.0
040412,0.15191316622537024,0.834388546895751
040413,0.013584512103686127,0.6979014554377775
040414,0.4444444444444444,0.5555555555555556
040501,0.01669185818168835,0.8011556359568214
040502,0.06519372556781632,0.7913470895805499
040503,0.5103975796677941,0.46634328732303826
040504,0.49230694363072147,0.4534921947401651
040505,0.34928100931101064,0.5559942248882656
040506,0.08839988774617429,0.8670122323654192
040507,0.09486856401279652,0.7148359690951893
040508,0.029651162790697672,0.9406976744186046
040509,0.0,0.9013138250223949
040510,0.4856292513375834,0.473143716026662
040511,0.06762791753045165,0.8300793135101128
040512,0.005275789299457938,0.9074926552737204
040513,0.07547632538118716,0.8964896109058005
040514,0.5408277379273205,0.3900183066791317
040515,0.11077618119456654,0.7407680219996071
040516,0.49552714127706016,0.43746157231657323
040517,0.34308119786599545,0.5739553591936046
040518,0.13059365786814678,0.7731393691087519
040519,0.17755936494126565,0.7521694013585095
040520,0.1871562208864556,0.7632311088990135
040601,0.002781799379524302,0.5594725956566702
040602,0.26470548835215474,0.7113826039196774
040603,0.5533220785119914,0.40089452042697943
040604,0.1100721420643729,0.7602108768035516
040605,0.0,1.0
040606,0.10268085226331798,0.586659513968902
040607,0.48438768950828553,0.49616029724090266
040608,0.20703974876782252,0.6746492810556519
040701,0.47232603666132766,0.5080156046520168
040702,0.06084540323933919,0.8538255395050229
040703,0.14336893606213322,0.5185248133768995
040704,0.5311013263376058,0.46349586073262544
040705,0.07841913027190706,0.8269753067149502
040706,0.5534394636956507,0.3300458806469252
040801,0.3912892865740169,0.5165542305908324
040802,0.464725626439138,0.5266095350639105
040803,0.13893544902596192,0.8324207546467016
040804,0.4096545208708917,0.46617234086811815
040805,0.09921899572171847,0.7154696446638955
040806,0.8157719467816754,0.1585809564319644
040807,0.17205975658995212,0.7568975793582128
040808,0.10500579076051988,0.8949942092394801
040809,0.22681621872839186,0.6520335755336154
040810,0.5797003900124947,0.38503732326670065
040811,0.22106700578902577,0.7674455478864718
050101,0.0,0.5989090909090908
050102,0.08027522935779817,0.8715596330275229
050103,0.022790240414693,0.8481544373938688
050104,0.3669064748201438,0.5402877697841727
050105,0.06718241042345276,0.6673452768729641
050106,0.2682960261517181,0.5551944140993317
050107,0.0,0.8315763184184235
050108,0.0,0.9007327841245278
050109,0.0,0.7603281397544855
050110,0.0,0.5
050111,0.08050579907613573,0.7673058389551694
050112,0.16666666666666666,0.4666666666666667
050113,0.0,0.9198550724637682
050114,0.3763478845992095,0.5933383800151402
050115,0.17047353760445683,0.673259052924791
050201,0.09877797003674067,0.6620790192907448
050202,0.6327701813948575,0.3618378942702259
050203,0.6246773701154529,0.3673609569271757
050204,0.2607044198895028,0.6656338659101092
050205,0.38264946032441366,0.5815932294138403
050206,0.5005605919851364,0.4708492167729122
050301,0.388596009498353,0.5310237911865096
050302,0.17320362557828875,0.5882847935518439
050303,0.5189919328756111,0.46091187151741403
050304,0.7462961551167695,0.24452046961957766
050401,0.19315255264353884,0.7750578492266472
050402,0.14344753874473012,0.8401104447479367
050403,0.05698005698005698,0.8917378917378918
050404,0.0,0.6797882897783657
050405,0.05817783976146964,0.6871573530826199
050406,0.2335633659658695,0.7418712887177016
050407,0.21114111014510517,0.3805731197320602
050408,0.07433776357239764,0.35017403826254917
050409,0.09635315897692699,0.41211712531961564
050410,0.4345059638073464,0.5610077001056877
050411,0.3388390980604096,0.5738971581696993
050412,0.0625,0.8875
050413,0.027255237280889272,0.9727447627191107
050501,0.06060606060606061,0.8552188552188552
050502,0.44360121307732625,0.4699596784071257
050503,0.22218598037552545,0.34261796053699745
050504,0.12437507724961532,0.6087312310072496
050505,0.319764855447005,0.6156694547812696
050506,0.14872601486817075,0.5549644436145666
050507,0.24285231195247853,0.3695394952788289
050508,0.07836508912108174,0.856138598647818
050509,0.47197151205628796,0.4095816339090159
050510,0.2488758690138344,0.5107081890586381
050511,0.4662177912653842,0.49931956417572837
050512,0.40217907366396205,0.4039679111952437
050513,0.4705146349308457,0.4185397233837245
050514,0.0,1.0
050515,0.0,1.0
050601,0.7818124657961041,0.20263695127904524
050602,0.537120136133883,0.44258421210161164
050603,0.4272246520686336,0.4903060184899991
050604,0.442115359612606,0.5453738160712577
050605,0.3721454287783504,0.5416898957426965
050606,0.6594909346483794,0.3312499218581157
050607,0.04351907159313935,0.9564809284068606
050608,0.0,0.03555219364599092
050609,0.09433962264150944,0.32075471698113206
050610,0.2413793103448276,0.42528735632183906
050611,0.32179400678209275,0.6461381329233313
050612,0.2265625,0.765625
050613,0.017045454545454544,0.9659090909090909
050614,0.05937596710391255,0.682743955313288
050615,0.012979609288310207,0.9558693284197453
050616,0.0,0.8300188867903566
050617,0.0020502820642448465,0.5679522055578293
050618,0.11590605141473563,0.8328278104595159
050619,0.05509892246939059,0.7963645744448633
050620,0.0,0.9629737186002614
050621,0.009558222695343833,0.6436694579175818
050701,0.6421124564266788,0.3362348288509002
050702,0.015386286293534139,0.8682813216518233
050703,0.5806931291031303,0.32245531104081443
050704,0.05941853301802429,0.9304465332564935
050705,0.05401917120004933,0.5269781216128053
050706,0.06826371691971943,0.429992387772582
050707,0.07489229296314026,0.9189325035902346
050708,0.04732576521670708,0.8151891671495095
050801,0.30487524946918054,0.693498817213214
050802,0.12413295949824599,0.8655655363027533
050803,0.39834874504623513,0.6016512549537648
050804,0.19025887918573123,0.7814280765049518
050805,0.054116761291611304,0.905387859837281
050806,0.3991625191908626,0.569179221567999
050807,0.0,0.9724137931034483
050808,0.026260640086931773,0.9453830431295439
050809,0.04721109972995624,0.9521370704907347
050810,0.0,0.6644340254521098
050901,0.12289164157646346,0.714749566781613
050902,0.06793803752536634,0.7336121479890064
050903,0.06711349241126556,0.7235788551169181
050904,0.008535850572404097,0.9658565977103836
050905,0.25556174199327025,0.7120336972572563
050906,0.04629891521362971,0.7310495141754293
050907,0.004699641710483459,0.96704046655189
050908,0.05781079134771824,0.9387885738671219
050909,0.011740331491712707,0.9029268613522755
050910,0.0,0.9847879257889399
050911,0.5220214072644324,0.42950517634672747
051001,0.04286602566046892,0.8203767175225213
051002,0.15288493629385316,0.6718789877692048
051003,0.19780684743133176,0.7909100525369346
051004,0.0012062726176115797,0.6888223255309631
051005,0.13150220606336047,0.6905451722244316
051006,0.09028378458439476,0.8045381835416784
051007,0.1448449175875876,0.6995804827488368
051008,0.0,0.869898753894081
051009,0.11486486486486487,0.8716216216216216
051010,0.3469870817620155,0.5829025343588451
051011,0.0294729157077785,0.8952894122875237
051012,0.026111616008616913,0.9354740987579522
051101,0.16732441988097016,0.7076831642755893
051102,0.19532257695836877,0.6080062174067794
051103,0.04958132004351235,0.8959295706949326
051104,0.07473078392034804,0.7648227980912329
051105,0.10113588974720494,0.7884365629406043
051106,0.18981263962077286,0.6645433538328793
051107,0.30498859437516856,0.5218791222406038
051108,0.19665572165340042,0.5903301229836839
060101,0.35221947862485636,0.5307881455973855
060102,0.125,0.875
060103,0.0,1.0
060104,0.0,0.9903339524657898
060105,0.1689118129962108,0.7638436737730702
060106,0.47532993903664505,0.14884102632813023
060107,0.04819277108433735,0.4036144578313253
060108,0.08167233114175039,0.6647620178393862
060109,0.0,0.18518518518518517
060110,0.0,0.7194719471947195
060111,0.47658254468980016,0.43761303890641434
060112,0.0,1.0
060201,0.3238095238095238,0.5749534756431308
060202,0.0367561260210035,0.7135767725993547
060203,0.014239048496524,0.745763185079711
060204,0.2514917614807845,0.6829148734746976
060301,0.3937775621576388,0.5443266234399626
060302,0.3118564135106289,0.6204462199659637
060303,0.09626505973643101,0.8421308296935915
060304,0.0029940822844260755,0.9760473417245914
060305,0.36539791299974866,0.5424314810158413
060307,0.0,0.9477271562548045
060308,0.16772592458083668,0.6978713960010492
060309,0.04180602006688963,0.9548494983277592
060311,0.27068000350575183,0.5356609128888069
060312,0.0,0.7333410794167199
060401,0.0,1.0
060402,0.0,0.3368436776458287
060403,0.0,0.821678866220215
060405,0.0018376272556874563,0.9377411885773089
060406,0.014642735782027126,0.9363230757688762
060407,0.0,0.6638101516150297
060408,0.0,0.6666666666666666
060409,0.0,0.0
060411,0.016200762388818297,0.43518283213327685
060412,0.1833810888252149,0.8080229226361032
060413,0.0,0.745740498034076
060414,0.0008145701436586139,0.909109325122239
060416,0.08695652173913043,0.8260869565217391
060417,0.0,0.796778055948623
060418,0.0,1.0
060419,0.0,0.8658949243098842
060501,0.0,0.9166666666666666
060502,0.0,0.9366812227074235
060503,0.0,1.0
060505,0.0881336405529954,0.5044930875576037
060507,0.0,0.5572818501349905
060508,0.6721176478074332,0.28567447663362117
060601,0.0,0.08653345143809921
060602,0.043770814925576024,0.5670809174513383
060603,0.04492840940086247,0.43985017245963
060604,0.0034054487179487176,0.7360790598290597
060605,0.0,0.7074216106474172
060606,0.01065385418842699,0.650887821182369
060607,0.0010703829242441733,0.6191430640235905
060610,0.008179829428363082,0.5041057670967946
060611,0.04578969417679097,0.5521156263091748
060613,0.0,0.69566527858488
060614,0.2,0.8
060615,0.006513304628766441,0.726898025751428
060701,0.02631578947368421,0.9210526315789473
060702,0.09259259259259259,0.8888888888888888
060703,0.6284372904091214,0.36485580147551977
060801,0.11780729423524383,0.46313660721082694
060802,0.08258847628423607,0.41297853284208536
060803,0.11617312072892938,0.7403189066059226
060804,0.06218717904018181,0.48104958717609975
060807,0.09064558428885093,0.24682392046840695
060808,0.01970727575893921,0.5841907736283514
060809,0.08694204311642047,0.7248919402389215
060810,0.20972125828652302,0.5528496978275262
060811,0.010673475367293123,0.6998869867314053
060812,0.24617943276405702,0.3836876376712963
060901,0.38231586257916966,0.5443588059596336
060902,0.3814821247276834,0.3210916673757484
060903,0.3792851864996481,0.34565532328351084
060904,0.02868705035971222,0.4246852517985609
060905,0.041333549117980255,0.7666612720504936
060906,0.411973289297214,0.5104835454950806
060907,0.27031240256905903,0.7035337923908106
061001,0.0,0.7333333333333333
061003,0.0,0.8261069628328209
061004,0.0,0.2857142857142857
061005,0.02714354143381766,0.8507105221140029
061006,0.00937327697114501,0.7786803896342585
061007,0.173722767548903,0.6546478377432209
061101,0.0160846071360989,0.6925632345829565
061102,0.0,1.0
061103,0.0,0.0
061104,0.11016949152542373,0.8135593220338984
061107,0.0,0.30584467574059243
061108,0.0,1.0
061109,0.0,1.0
061110,0.0,1.0
061111,0.0,1.0
061112,0.0,1.0
061113,0.0,0.6420303706063504
061202,0.0,0.7341211225997045
061203,0.0,1.0
061204,0.40687707976202475,0.5916103660381162
061301,0.07025707529178428,0.8785567167594782
061303,0.16322821495235293,0.7298932442610604
061304,0.0,0.7284345047923323
061305,0.0,1.0
061307,0.6102941176470589,0.38235294117647056
061309,0.24661971574675623,0.7031719167986025
061310,0.0,1.0
070101,0.15480471698789625,0.77092617952865
070103,0.0,1.0
070104,0.18051391862955032,0.8194860813704495
070105,0.5996435569970946,0.3034326643692142
070106,0.16761886397443676,0.7812296843149138
070107,0.0,0.8571428571428571
080101,0.4888888888888889,0.5111111111111111
080102,0.0,0.9621437054631828
080104,0.0,0.9865092748735244
080105,0.0,1.0
080106,0.0,1.0
080107,0.0,0.2643171806167401
080201,0.12321759007292914,0.8212691847175356
080202,0.9754248778111563,0.019007742021035164
080203,0.126749960675041,0.8448798903395428
080204,0.9370631255046238,0.04496362641675971
080205,0.09622132346377538,0.7137805305116285
080206,0.1859276479205146,0.7429781542576906
080207,0.8902967542596532,0.06797358320500996
080301,0.8693034200011733,0.10249183618930915
080302,0.2003139443620825,0.7996860556379175
080303,0.0,0.06451612903225806
080304,0.24634908840838038,0.7446357783407572
080305,0.3992728058175535,0.5738714090287278
080306,0.3439496800131687,0.6379784214648062
080307,0.2789721110226744,0.6270922614263259
080308,0.016666666666666666,0.7666666666666667
080401,0.36962321712014956,0.474070345455335
080402,0.5188507891521945,0.2967344781944565
080403,0.20713855335265258,0.6169339798582619
080404,0.47151898734177217,0.5079113924050633
080405,0.2974450145659693,0.46913569381247006
080406,0.08130280781886014,0.7386226609373656
080407,0.08392886820674754,0.6118774583125587
080408,0.14148197495316572,0.4535139116788353
080501,0.057070426018673105,0.9025624718446089
080502,0.10541375758269428,0.850466912185499
080503,0.4708541651996338,0.4820928103654672
080504,0.497998134007265,0.446638042700436
080505,0.4160251048676324,0.5675429925610515
080506,0.8670574235416588,0.09181041512716374
080507,0.05971397507736054,0.9248808229489002
080508,0.7632648194082059,0.19789383537280653
080601,0.683392225045661,0.2998499685191355
080602,0.46158578634382613,0.43738283352811175
080603,0.05104189726909956,0.5794634697364462
080604,0.7515218594355285,0.22744881018262314
080605,0.9083266917296117,0.08542385108352533
080606,0.15878240139479444,0.6374246117169848
080607,0.0,0.6818181818181818
080608,0.0,0.3875
080701,0.44011950642176045,0.4129354683053418
080702,0.036680058718998695,0.9337672873367844
080703,0.2519809825673534,0.705229793977813
080704,0.020963068006658855,0.9632529749059745
080705,0.4744297547912184,0.45540479723377053
080706,0.1138338408558264,0.8170527557674219
080707,0.0781609195402299,0.9218390804597701
080708,0.6126899640921438,0.3448803557178191
080801,0.15074542586116227,0.34701384239156985
080802,0.6750292231882825,0.31137847649549627
080803,0.214168075461824,0.4955068199367389
080804,0.37551652564696625,0.3784871431926522
080805,0.6518363245379324,0.3113778746320657
080806,0.09126134744695347,0.7370282937706906
080807,0.5296181617841688,0.4187970526497221
080808,0.28811380652556773,0.5161720230261784
080901,0.16101919094805506,0.5678140636650691
080902,0.23414535066476674,0.4153938167635276
080903,0.2907591632938684,0.639493891137421
080904,0.11733550710107146,0.4398784666219125
080905,0.07748251320504886,0.5657589844705745
080906,0.07078892589508742,0.5189606875223028
080907,0.19257396843120816,0.42284771740678323
080908,0.3866100727092771,0.5466184475998325
080909,0.36764513654059267,0.570121906169191
080910,0.08533253145238948,0.23453945729346642
080911,0.39679782443553824,0.5460852971537138
080912,0.5216565281077921,0.4346983274595766
080913,0.29483608438161685,0.41133424147455816
080914,0.25465217051949424,0.36867174232484673
080915,0.09219425340473537,0.5920284339576481
080916,0.09874019274470454,0.3651160283311495
080917,0.3496483945274751,0.4633351769575338
080918,0.04430124763396615,0.3071420011270267
081001,0.08492805581124943,0.7992345332106001
081002,0.025035688905938512,0.94770238911284
081003,0.19720598524001898,0.7548109112520407
081004,0.13474378655164904,0.8119844258768412
081005,0.1751232335618501,0.8185529924662719
081006,0.08230526032557514,0.8754506928561818
081007,0.15870568780790298,0.7817721431770418
081008,0.09879455740079673,0.8596823425940299
081009,0.0,1.0
081101,0.1311796508811195,0.5632135224864542
081102,0.03905912818299525,0.8952428907111686
081103,0.14354538725640606,0.6180193726360426
081104,0.2948936054252279,0.4599025203017821
081105,0.018888888888888886,0.42783703703703696
081106,0.09449354462675659,0.33287743140338183
081201,0.24680158237503552,0.5426604732395551
081202,0.14504099676110999,0.6109042630795716
081203,0.19219324904760368,0.2787198151233665
081204,0.7107395513091578,0.1977470218707261
081205,0.1897022120193596,0.5321987491807035
081206,0.27014091587624844,0.6022653240244384
081207,0.03529411764705882,0.9294117647058824
081208,0.4978197871245566,0.4078656934701948
081209,0.586497796424186,0.34453864133995776
081210,0.7692226868682625,0.17957199041108513
081211,0.0,0.8665620094191523
081212,0.3520764664779825,0.5001429246980936
081301,0.35378468290336024,0.47359434864495387
081302,0.9140045795749413,0.06574064778203385
081303,0.1388006894674771,0.5550130718415215
081304,0.11851514657529609,0.6985725402386173
081305,0.19732004065526718,0.4609863884570927
081306,0.07796462246751147,0.7280726951940991
081307,0.0,0.6517491182918692
090101,0.13877154634587804,0.8336274831101904
090102,0.7134502208815332,0.25416927104564685
090103,0.12354202625660339,0.7738315087287314
090105,0.2030684614271238,0.7009516572586474
090106,0.31911532385466035,0.48183254344391785
090107,0.0,1.0
090108,0.05505860579888959,0.9252776064157927
090109,0.13414634146341464,0.8658536585365854
090110,0.16450684235567348,0.825211479997097
090111,0.03405530581664623,0.9659446941833536
090112,0.11347869177403369,0.7601585728444004
090113,0.1521103330189066,0.8332047430586884
090114,0.0,0.5
090115,0.0,1.0
090116,0.5418618278975039,0.4309692700457732
090117,0.0,0.961866307761328
090118,0.2534264763492285,0.725119430414858
090119,0.2998966746093668,0.6647852542249776
090201,0.04266865736741011,0.7637496749733688
090202,0.025030867966513347,0.5508907613193851
090203,0.43450987735230784,0.5229098399026308
090204,0.029695881797524304,0.8115733006837732
090205,0.07193990029625623,0.6779713836784629
090206,0.0,0.951321943304381
090207,0.03485934746946959,0.44320736375235426
090208,0.05884141818721258,0.7502670226969292
090301,0.1378494805304502,0.8005019728982903
090302,0.0,0.774620648616483
090303,0.0,0.748290818201867
090304,0.2383177570093458,0.5233644859813084
090305,0.016617291650424887,0.6687417166913543
090306,0.014676258992805755,0.6122877697841728
090307,0.06968355468109526,0.9150133901732524
090308,0.0,1.0
090309,0.0,0.7308131132577775
090310,0.0,0.7263709953255045
090311,0.0783232285462461,0.8787158462647899
090312,0.08509928249624563,0.9042633071917238
090401,0.7114317952306092,0.26106409577901485
090402,0.023840688107703813,0.6786649214659686
090403,0.39930736043247744,0.5773235263540909
090404,0.06981109937815325,0.8728538464546913
090405,0.4896266989267218,0.4942762798186664
090406,0.0,0.7478208596333034
090407,0.17249154453213078,0.8192945723949107
090409,0.10333354661206733,0.8296329472988251
090410,0.005924308249889643,0.8919684966196592
090411,0.7771557778910525,0.2057492677780941
090412,0.0,1.0
090413,0.0,0.975161406025825
090501,0.2110885251445522,0.768525291585645
090502,0.06835574969405618,0.6828899831950486
090503,0.22492602926564567,0.731795133147322
090504,0.08820097563718667,0.7560485288122251
090505,0.22049965966473015,0.6059966283063968
090506,0.10225483892424007,0.814480189787819
090507,0.0,1.0
090508,0.14234518955373393,0.5460586650112167
090509,0.21268456532387864,0.7644243512779353
090510,0.21834627797623035,0.7553223072429346
090511,0.023814722550294286,0.7387228678900726
090601,0.17465753424657532,0.8253424657534246
090602,0.0,0.905784767855219
090603,0.125,0.875
090605,0.0,1.0
090606,0.5325250132468909,0.29261602717950314
090607,0.8494187470743317,0.1407782943931467
090608,0.0,0.1509433962264151
090609,0.025835866261398176,0.8493920972644378
090610,0.0,1.0
090611,0.0,0.1296928327645051
090612,0.14705882352941177,0.8235294117647058
090613,0.0,0.9207167925130278
090614,0.0,1.0
090615,0.2785812215293442,0.683826456149662
090616,0.42983138415623445,0.5217060784058394
090701,0.5877274792548486,0.37746012387306604
090702,0.10109547046167262,0.8486310134859585
090703,0.0,0.9523809523809523
090704,0.27300841334791837,0.6999689394860164
090705,0.4791468127077347,0.5044199641502807
090706,0.19241635687732342,0.8075836431226767
090707,0.3038423526531835,0.5808139949104765
090709,0.08922323303009097,0.9107767669699091
090710,0.02059170129628481,0.9794082987037152
090711,0.28095238095238095,0.7142857142857143
090713,0.1489191203876258,0.8463287364890046
090714,0.23950094021430912,0.7547906157657523
090715,0.23362511319046178,0.7483374390232028
090716,0.5184719508661064,0.46245781645835865
090717,0.5608986342666875,0.4328394240309005
090718,0.4290870018970453,0.41119102579262035
090719,0.4583019802888762,0.46789142364233666
090720,0.3591137542043056,0.6348494916350035
090721,0.23574296634608752,0.757219930180895
090722,0.18181818181818182,0.797979797979798
090724,0.1988984403150255,0.7356256756061152
090725,0.0,0.90625
100101,0.06091096329810582,0.5349630279906811
100102,0.32992581949120997,0.5576521912247141
100103,0.2329486561847618,0.5578512095067081
100104,0.2834555529747486,0.6649965159106745
100105,0.015873015873015872,0.9682539682539683
100106,0.0,0.9259259259259259
100107,0.1566265060240964,0.7831325301204819
100108,0.13861465261811964,0.8410071677096523
100109,0.280493391765855,0.6852711436120403
100111,0.10944155887488739,0.6877022833691094
100113,0.7019922697980845,0.238892741961387
100201,0.44198524846160814,0.5429882177570633
100202,0.26317135245706674,0.699657485371771
100203,0.0,1.0
100204,0.332104295844545,0.6515357936726582
100205,0.02968036529680365,0.7648401826484018
100206,0.03724258799474222,0.926328527613762
100207,0.5808596148844893,0.4057655869941015
100208,0.12979206554165368,0.858853911572198
100301,0.0,0.7481267253845143
100307,0.0803192732859099,0.9196807267140902
100311,0.4684349436894477,0.5236963328470025
100313,0.15670824838906333,0.7904700723036886
100316,0.23158221945912344,0.46938141125272
100317,0.0,0.7423226812159002
100321,0.0,0.8067479539001169
100322,0.0,0.7674563591022444
100323,0.23883181018334562,0.729380711812454
100401,0.2662337662337662,0.7227038372039968
100402,0.24232353321250227,0.687348201948979
100403,0.18235657092846297,0.7399482261430936
100404,0.7280404858145283,0.2632397418085976
100501,0.3753637363408756,0.5963572548377284
100502,0.1278438942378791,0.8599438031709958
100503,0.09121339577486066,0.8979255949304688
100504,0.3093393725712227,0.6793370563862366
100505,0.09180666524895949,0.8772518759303705
100506,0.027417896956914736,0.9725821030430853
100507,0.12198388681023571,0.31950388635602317
100508,0.046375815870834766,0.9244245963586395
100509,0.04258517034068136,0.9148296593186372
100510,0.30802026323038045,0.6572735655860409
100511,0.8010661936107917,0.19425993051865592
100601,0.07681154720782914,0.26413005056301886
100602,0.00808859173639048,0.33579617353202273
100603,0.060380832505474276,0.27054087369904767
100604,0.1380236030869503,0.23982574216988448
100605,0.07567243181783316,0.22966365277263215
100606,0.1290827892857491,0.34564314833630555
100607,0.08151122123245572,0.2970890137773455
100608,0.22244263282617385,0.23644465296147965
100609,0.1195119739788536,0.2129422288187701
100610,0.08600687450253244,0.3847453632681016
100701,0.3952814177892039,0.5724849360903694
100702,0.18417559824225915,0.3251161147096667
100703,0.05262372729646068,0.9376048931488457
100704,0.12713182111969473,0.19207965282693676
100705,0.21590609916630107,0.34753073673523827
100801,0.5249831626941764,0.45862487750103853
100802,0.5665586135052876,0.3477596913210228
100803,0.3455040871934605,0.6430517711171662
100804,0.01761501638880374,0.7709340439078456
100901,0.5538585967490267,0.2532372361246689
100902,0.05791189149853998,0.3637802044579963
100903,0.3498272814258608,0.2738307226687239
100904,0.6238472254478654,0.21144160601028664
100905,0.5204437569343624,0.3766136660388416
101001,0.6393093826299268,0.3359086152772933
101002,0.4013749930132469,0.5736822983623051
101003,0.0,0.7777777777777778
101004,0.6653528985773259,0.3014713980116604
101005,0.12156398104265403,0.8381516587677725
101006,0.17883211678832117,0.8211678832116788
101007,0.5628089737335341,0.4244466756278684
101101,0.2579666798289464,0.7279272770043771
101102,0.0,0.7355565993424145
101103,0.07254623044096728,0.9274537695590327
101104,0.4287860427871909,0.5504333283729106
101105,0.0,1.0
101106,0.05128205128205128,0.9487179487179487
101107,0.1346153846153846,0.7884615384615384
101108,0.0,1.0
110101,0.41593688634719406,0.5026079167671478
110102,0.029905007622845082,0.8803799695086196
110103,0.4078199966911156,0.33905035019026086
110104,0.3390661982606006,0.44633905860323314
110105,0.2516877832238971,0.7365208545269583
110106,0.0,0.12083401740272533
110107,0.5466393078970719,0.15638864241348716
110108,0.06896551724137931,0.3735632183908046
110109,0.016597645412459623,0.8236500174926165
110110,0.0,0.07853529270055408
110111,0.23691310567797616,0.5930625704387026
110112,0.0,0.5
110114,0.03333333333333333,0.5333333333333333
110201,0.0,0.8333333333333334
110202,0.01818706160343833,0.779966013606961
110203,0.0,0.76
110204,0.14304457159517478,0.45719596195196627
110205,0.0019981507310880913,0.7091005970944538
110206,0.11803229665071768,0.6130083732057418
110207,0.0,1.0
110208,0.0,1.0
110209,0.3805668016194332,0.611336032388664
110211,0.271885093426374,0.4954142874330186
110301,0.2138160271695932,0.6817689139388684
110302,0.48507581196753274,0.4099795791926962
110303,0.2328042328042328,0.7037037037037037
110304,0.4243124809745865,0.5569885926739473
110305,0.1768786534262976,0.7677477287132896
110401,0.15650572831423895,0.8434942716857611
110402,0.3093672179298895,0.6662090543388034
110403,0.2838709677419355,0.6451612903225806
110404,0.08235294117647059,0.7647058823529411
110405,0.0,0.9324825248887949
110501,0.29308467651416525,0.368638598302878
110502,0.0428150262470432,0.9212588704141748
110503,0.061327674783873125,0.7207195040505866
110504,0.05281402269531378,0.5896748313112484
110505,0.31687169294434964,0.5641985138651187
110506,0.16761792848749366,0.7274634883330535
110507,0.10243265681734062,0.4605105878587217
110508,0.05384821139470388,0.6771641349795167
120101,0.5949377009230259,0.2683592259713066
120104,0.0,1.0
120105,0.0,0.682476794204211
120106,0.0,0.0
120107,0.09368768155766664,0.19532857030697964
120108,0.6215099037726854,0.347400624121934
120111,0.09162673462039166,0.5157244550314378
120112,0.032072946673622614,0.9621430353618982
120113,0.001737619461337967,0.6909559709649394
120114,0.2959133791717112,0.392991753660598
120116,0.0,0.928722222222222
120117,0.5619097586568731,0.2675760755508919
120119,0.11383140400886155,0.22060079995765824
120120,0.44288577154308617,0.45490981963927857
120121,0.06010380485743343,0.3686349088956099
120122,0.09023886759068121,0.9097611324093188
120124,0.5011785230752456,0.4751292559039736
120125,0.206677151524113,0.32774589007030236
120126,0.6125742503399414,0.3823564493427801
120127,0.473331312978256,0.5073490415940602
120128,0.3936781609195402,0.6005747126436781
120129,0.1893263828449309,0.28995657463648905
120130,0.15558413152423414,0.2793928541383745
120132,0.12398243045387992,0.291420204978038
120133,0.40743411411690833,0.5747714637947478
120134,0.18356671092980856,0.2593957755141516
120135,0.4448566686106501,0.5323594724328204
120136,0.15009144675898436,0.2579986223605141
120201,0.00942048700857026,0.002380628485920283
120203,0.5680913220282943,0.4201930230260704
120204,0.0,0.8335118346363928
120205,0.2740740740740741,0.7037037037037037
120206,0.6122845898394556,0.37022100939732333
120209,0.12099644128113878,0.8787663107947806
120210,0.194451722122574,0.20403978314758456
120211,0.19212769745040248,0.2714638922404415
120213,0.13706297828556724,0.2521489357141324
120214,0.5036510329317971,0.4579782388040918
120215,0.0,0.6666666666666666
120301,0.19366461262339216,0.4674579718815434
120302,0.18138182073113238,0.30382362904428384
120303,0.12621031641771233,0.3711356992524456
120304,0.013508497982084523,0.40613432930641896
120305,0.21252728287904168,0.5097809019028018
120306,0.284557783532839,0.5936748690348651
120402,0.1474447786075536,0.1631354261706034
120403,0.6697344374188803,0.3189193336932934
120404,0.2135187061166032,0.41731931393439764
120405,0.6068989460671765,0.37586314285850475
120406,0.32094066471827637,0.645318522977736
120407,0.1587931484804826,0.3006681326828939
120408,0.17371610724725323,0.27882773913919967
120409,0.15673516380002098,0.39100059309911733
120411,0.24862923047835125,0.7513707695216486
120413,0.13668785711582848,0.17984447723918717
120414,0.31565969223726237,0.6739462923850049
120415,0.04957793772443919,0.22378472492110624
120418,0.29913323050854823,0.6990202680685595
120419,0.41567643240222113,0.5420444532395937
120420,0.3324217928298824,0.2181386543258106
120421,0.20747883376533713,0.38772095091539943
120422,0.9597710689569564,0.03632429351474669
120423,0.5175978882534096,0.4793224813022437
120424,0.876280585894505,0.10906358479383627
120425,0.1983748287428543,0.5541802491299345
120426,0.0,0.0
120427,0.3599494581145562,0.6338740974182732
120428,0.2434457587617079,0.367573985312871
120430,0.16172688061414267,0.4887684170261038
120431,0.2245430809399478,0.25862817381388936
120432,0.0,0.03333333333333333
120433,0.0,0.8333333333333334
120434,0.2199282031837669,0.6007204143911643
120501,0.21725327030138067,0.41362165311980686
120502,0.09182397498922364,0.5654591162182284
120503,0.018882763137410687,0.36429158099859893
120504,0.31629317416151687,0.6672945971402587
120601,0.18564950941626052,0.40881592520382165
120602,0.041632202922525514,0.22679900744416875
120603,0.12262563116133686,0.8072854051454676
120604,0.3154468493076346,0.3816172679829599
120605,0.27037627235892875,0.5860427578482722
120606,0.19719037796360261,0.3400361062056628
120607,0.3480152377446742,0.46275685135265926
120608,0.2519378029807489,0.33673067935198575
120609,0.26927527064294,0.39612027588656024
120701,0.0,0.5
120702,0.0,1.0
120704,0.3658664859052873,0.6284473679144885
120705,0.04,0.44
120706,0.39705882352941174,0.6029411764705882
120707,0.05741626794258373,0.9401913875598086
120708,0.38047670458315996,0.5844051682123685
120709,0.4794871794871795,0.5128205128205128
120801,0.1145995085995086,0.6892948402948402
120802,0.3013306887112222,0.6675180176202477
120803,0.4357767316745124,0.44720914593140554
120804,0.7300669533313967,0.24204914967676266
120805,0.5626116374892807,0.3480192842651273
120806,0.587496198296837,0.2827884225466342
120807,0.5749141517973646,0.359077085527806
120808,0.060051613651520855,0.7550961231768492
120809,0.6428230600491738,0.3284479730670077
120810,0.5084330002720627,0.4342633757376784
120901,0.0,0.0
120902,0.2328767123287671,0.7397260273972602
120903,0.05458371009250886,0.416400037096288
120905,0.1425134241595357,0.26944911552021644
120906,0.04878048780487805,0.32926829268292684
120907,0.0,0.8636363636363636
120908,0.15051465896497299,0.4789938543170904
120909,0.36682048670394,0.502730931566876
130101,0.08982035928143714,0.4133302023404173
130102,0.0,0.125
130103,0.0,0.0
130104,0.0822002451898543,0.8920402298116867
130105,0.0,0.6716473664549869
130106,0.05471956224350205,0.7305061559507524
130107,0.18139291364572785,0.503568217257196
130108,0.0,0.7314988787199226
130109,0.1821933526601964,0.7992280845108377
130110,0.01570970921636274,0.7955889600788565
130111,0.25497716490045713,0.40792799184144013
130201,0.0062386847384645495,0.4201081372021334
130202,0.017680073517141858,0.5838408006035549
130203,0.327166574565724,0.6350784459767905
130204,0.29448192793467864,0.518417312521481
130206,0.28417686808961284,0.6634901473795685
130207,0.2777591933287138,0.6554024993429071
130208,0.028528276556469202,0.8337696481512556
130301,0.23303208774194828,0.6902135571268003
130302,0.16005339716442638,0.7415922482047506
130303,0.5872787792191716,0.390673813540851
130304,0.1513148658459786,0.7496359851265326
130305,0.7167832167832168,0.27972027972027974
130306,0.17607642135731713,0.48495900732940384
130401,0.05947236752331134,0.2858873948146463
130402,0.376218753994724,0.6045194129062997
130403,0.016794077059557967,0.8701903489365431
130501,0.0,0.9545454545454546
130502,0.0,0.967741935483871
130503,0.37857142857142856,0.6071428571428571
130504,0.0,1.0
130601,0.0,0.9159129451667609
130602,0.0,1.0
130604,0.0,0.7040642492090533
130605,0.2756160830090791,0.58063121487246
130611,0.0,0.9715166908563134
130613,0.0,0.9705882352941176
130614,0.4401849982086441,0.49832263948148386
130701,0.1963159955264092,0.7925671069112586
130702,0.012455894141732083,0.08657477639355576
130703,0.014501047468192734,0.39956057431914555
130704,0.05577026930309123,0.9177711411710359
130705,0.018680953729841666,0.13101575549195624
130801,0.3968405166015142,0.5918031570092533
130802,0.41942294159042925,0.565798733286418
130803,0.06457235297187287,0.9035015394249336
130804,0.28436226974090273,0.7086425171794204
130805,0.5452924108925387,0.4388692203263503
130806,0.2255108571785385,0.7716167907710078
130807,0.10457203235372353,0.8816106420499886
130808,0.2298073896577282,0.7134553097300204
130809,0.281596860244067,0.6641319678665603
130810,0.7144298473759925,0.26808015647679595
130811,0.10292994654555683,0.8970700534544428
130812,0.14528863341445747,0.6466618374355737
130813,0.05758157389635316,0.9136276391554703
130901,0.6430259560691289,0.3118978029721503
130902,0.3145802301517208,0.6394641217282029
130903,0.3051850311009416,0.6422077190427903
130904,0.06492616240354107,0.827470719573818
130905,0.015321756894790607,0.31857237276933253
130906,0.0,0.5160778175313059
130907,0.48944895895888285,0.503325706380035
130908,0.1641473994901838,0.7423686446562273
131001,0.09637514016628224,0.7108559874968771
131002,0.12187373403552161,0.6512370027646887
131003,0.46719918082949013,0.523621149638613
131004,0.14610564010743063,0.7734646374216654
131005,0.2689421400160668,0.7080157532770345
131006,0.3662355343771273,0.5680735194009531
131007,0.3500261716518246,0.5539426823719386
131008,0.211913062829167,0.771062977523922
131101,0.0007014956988685287,0.7157511918549473
131102,0.0,0.6137433044301738
131103,0.0025340733490015256,0.6505960041141426
131104,0.0,0.6196868008948546
131201,0.09434528500069357,0.7925998155958357
131202,0.1287686818017273,0.5253726452459793
131203,0.0916957168801322,0.8407861767012037
140101,0.0,0.676056338028169
140102,0.6633587050775605,0.23014647226999094
140103,0.0070437220510206466,0.7209451731335926
140104,0.030263576309931657,0.946963742507605
140105,0.0,0.22857142857142856
140106,0.022222222222222223,0.3333333333333333
140107,0.050687995188996006,0.7797589977861125
140108,0.01550086989330706,0.05406544113023246
140109,0.0,0.9350179388840777
140110,0.2946058091286307,0.2925311203319502
140111,0.0,0.2862215002610663
140112,0.03727456273224068,0.890779608244906
140113,0.017566016073478758,0.3218599311136624
140114,0.09948590740612093,0.6550103594970229
140115,0.008332210118733994,0.20055711444127222
140116,0.0,0.2595660019432749
140117,0.020840995464018634,0.7316006701810306
140118,0.4069077131340327,0.3126243108546537
140119,0.10172476185862821,0.16317563620717654
140120,0.013214375167338902,0.09029823031014916
140201,0.0,0.40610923767400564
140203,0.39755351681957185,0.5042273790250045
140204,0.0011278095726707414,0.30049712076850266
140205,0.01763851421456734,0.3863180466210141
140206,0.03819871822078859,0.37273959709090543
140301,0.00905720338983051,0.8496670868295222
140302,0.0,0.9228441754916793
140303,0.0,0.5646460209385753
140304,0.003406100704817963,0.7622096466114863
140305,0.0,0.3158272848629775
140306,0.011508321369365564,0.6641868426116128
140307,0.0,0.695458752575165
140308,0.0013035151658246013,0.5476128460055169
140309,0.0071912013536379014,0.41559503666102654
140310,0.3657606460537631,0.4199349459752497
140311,0.1664800325655984,0.4275132949634869
140312,0.0022963456585559138,0.38529528303585897
150101,0.01554343363247111,0.9694996774004337
150102,0.3620425901574404,0.6136147220757157
150103,0.1387966970236041,0.7935108727398242
150104,0.31411088447988106,0.42212126831077296
150105,0.0,1.0
150106,0.04861217019978649,0.6937433277413452
150107,0.09791613069205041,0.9020838693079495
150108,0.41768452321876526,0.3823969281209038
150109,0.018518518518518517,0.9722222222222222
150110,0.02085942472334572,0.9634344139446076
150111,0.5552940844911647,0.40225600992024346
150112,0.0,1.0
150113,0.0,1.0
150114,0.63,0.36
150115,0.0,1.0
150117,0.010751338688085676,0.9412441432396251
150118,0.12500860647272324,0.7153175542535647
150119,0.3207972497769378,0.5391828058573451
150120,0.21205317992072126,0.597861928649104
150121,0.0,1.0
150122,0.5177663912998014,0.40282338178395904
150123,0.0,0.7555555555555555
150124,0.3796089220892671,0.6165868679183415
150125,0.0,0.9642105263157895
150126,0.34283621548004617,0.4940831111161973
150127,0.44559504875181466,0.5279544983057874
150128,0.024168325277224904,0.95166334944555
150129,0.3839790153349472,0.6160209846650517
150130,0.0,1.0
150131,0.8208725931995086,0.13995288816058993
150132,0.007199951186771614,0.8887973640856672
150133,0.46464646464646464,0.3434343434343434
150134,0.0,1.0
150135,0.038604651162790694,0.9613953488372091
150136,0.05627004490057729,0.8003848620910844
150137,0.0,1.0
150138,0.18381800780387253,0.8080247368033572
150139,0.3183435781300553,0.6655593343380865
150140,0.0,1.0
150142,0.18425923477617062,0.6775165921891108
150143,0.29310344827586204,0.6206896551724138
150201,0.017610534565699148,0.6220407005026756
150202,0.11030159470743757,0.5722762564452262
150203,0.03126563545415025,0.6361806313120364
150204,0.1333695750656881,0.7378273081453294
150205,0.15103782770513138,0.7614588736316233
150301,0.5811925901658381,0.3887500570210543
150302,0.4077148577939534,0.5370753454207551
150303,0.3725309348449555,0.5157670091155125
150304,0.11280458280257148,0.8348492636377859
150305,0.2405982701772829,0.7105726499810698
150401,0.10767541743074992,0.8830952610751858
150402,0.23780487804878048,0.75
150403,0.20423099229473335,0.7816841116849402
150404,0.5265725390655985,0.4703934322201951
150405,0.0,1.0
150406,0.7774798927613941,0.2225201072386059
150407,0.009348878134623845,0.9158600967883854
150501,0.07141911647053689,0.7353840894875412
150502,0.23282149763191315,0.7343731558251747
150503,0.04682926829268293,0.8117073170731708
150504,0.3255994095423222,0.6646174813472373
150505,0.08566455771566475,0.8532479697708202
150506,0.037383177570093455,0.9626168224299065
150507,0.0,1.0
150508,0.030166626247330856,0.651903750717197
150509,0.23162920012438054,0.6363776042143
150510,0.0029812473694876152,0.5969899144206637
150511,0.14820724709661737,0.6658600247276263
150512,0.075,0.925
150513,0.4613558804794581,0.49057723374418455
150514,0.20617776971017113,0.512888001452169
150515,0.02712112608708645,0.9042915633125131
150516,0.1156667456397733,0.6712425507098468
150601,0.01718544659185943,0.6808163240299105
150602,0.6814939360074369,0.3097105473774344
150603,0.0,1.0
150604,0.23806988370202112,0.4773121895179692
150605,0.07587748494037788,0.36589686785687875
150606,0.3223684210526316,0.6578947368421053
150607,0.4911780568610833,0.4481855304723014
150608,0.26424870466321243,0.7291472732062878
150610,0.599742110396588,0.3678512092708006
150611,0.10770855332629357,0.740232312565998
150612,0.05128205128205128,0.8974358974358975
150701,0.23076923076923078,0.6307692307692307
150702,0.0003161660703885515,0.9614943006905733
150703,0.0,0.7920630606142973
150704,0.610111737818346,0.3845287528422697
150705,0.42215022674273517,0.5120212372322758
150706,0.12953266645826822,0.8505392310096905
150707,0.475,0.525
150708,0.8061717977976673,0.19041153813119804
150709,0.12094395280235988,0.8761061946902655
150710,0.23076923076923078,0.7692307692307693
150711,0.12596739667380208,0.8740326033261979
150712,0.5756972111553785,0.4163346613545817
150713,0.34285714285714286,0.6142857142857143
150714,0.0,0.3594514139910695
150715,0.41737087177718374,0.5551435716133483
150716,0.04543429844097995,0.8296213808463252
150717,0.0,0.6530723219140837
150718,0.6052631578947368,0.38699690402476783
150719,0.45806451612903226,0.5419354838709678
150720,0.8210862619808307,0.1781150159744409
150721,0.8008062729987941,0.19061320240646423
150722,0.53135657564694,0.46140160522814233
150723,0.09125067096081589,0.8668813741277509
150724,0.0,0.9849746856116284
150725,0.0,1.0
150726,0.0,0.8505673645517021
150727,0.24328895442126716,0.5418708530291859
150728,0.0,0.3432059687994573
150729,0.0,0.07692307692307693
150730,0.35714285714285715,0.6428571428571429
150731,0.16470588235294117,0.6941176470588235
150732,0.18919921564470824,0.5135407281784938
150801,0.21490621933205248,0.6877680628016695
150802,0.49548532731376976,0.48758465011286684
150803,0.06193166006032205,0.6854978827104315
150804,0.17646085693803648,0.7713637115600243
150805,0.0,0.3859634341562051
150806,0.03750907554423509,0.43311948772272274
150807,0.24547204791785512,0.7331835900361287
150808,0.21433749221808127,0.6579622886089764
150809,0.3538251896251675,0.6317122533231045
150810,0.02332068224427271,0.4405036810096483
150811,0.05209090993503338,0.5446363076427858
150812,0.5527737700956633,0.2670235675399072
150901,0.5116247597826123,0.46338109461485855
150902,0.29643099540268153,0.6921717527436644
150903,0.4352703732729283,0.5537794286573124
150904,0.26166931850287733,0.6889842228137221
150905,0.3386688758376851,0.6258709706052044
150906,0.037429619518853444,0.9232426207131889
151001,0.5287051099145534,0.41267430622670165
151002,0.39169472502805835,0.5600448933782267
151003,0.08074120322051587,0.6724783807961829
151004,0.7287127714972031,0.26367214840447273
151005,0.0,1.0
151006,0.01434330177181963,0.9339270647792257
151007,0.23521707580396808,0.7431992354117626
151008,0.11477778946999195,0.5578378757585324
151009,0.24991500015454515,0.4888263839520292
151010,0.0,1.0
151011,0.7489033832597217,0.24282798613435852
151012,0.0853018372703412,0.8443209304719264
151013,0.0,1.0
151014,0.5432160804020101,0.4396984924623116
151015,0.0,1.0
151016,0.4146312365436057,0.5149136460653736
151017,0.17857142857142858,0.8214285714285714
151018,0.4667645113901937,0.5239838227623154
151019,0.30653677996135453,0.6657524732197716
151020,0.30393996247654786,0.6923076923076923
151021,0.5945894643597838,0.3886783698089862
151022,0.3194444444444444,0.625
151023,0.03941626390127165,0.5477452958565999
151024,0.3922979578670504,0.601374655715739
151025,0.0,0.7942177467457282
151026,0.6438848920863309,0.3489208633093525
151028,0.6565274341435017,0.3385970018920099
151029,0.1,0.8
151030,0.668616888781855,0.31031079599047556
151031,0.3820818345323741,0.5723920863309354
151032,0.0,0.9556352960365356
151033,0.46178600160901045,0.5060337892196299
160101,0.5226719080945362,0.2310280074503516
160102,0.2929016443786197,0.4888384440468832
160103,0.458355065594957,0.13972372433796162
160104,0.5414692198270055,0.18810524788485725
160105,0.4707090950332824,0.18201323153992074
160106,0.5628263104430398,0.1541790242677114
160107,0.6017497618508314,0.15133045684649687
160108,0.706819830649529,0.15552153868508997
160110,0.5749489331282164,0.14083846088390134
160112,0.3376369624332211,0.11849346998260143
160113,0.45391942192496637,0.2337860901992285
160201,0.27884230135947913,0.31340345165775024
160202,0.06644598744988574,0.42638142991042205
160205,0.17178957370676232,0.46151277232106863
160206,0.3529898402115992,0.19927607409587453
160210,0.17642119738928203,0.30660848382152195
160211,0.25508099379319066,0.29179294030333014
160301,0.43998422816124944,0.16070091464614403
160302,0.459588215546143,0.25672732805359066
160303,0.6031890008131773,0.2295416574562007
160304,0.4464042653692402,0.369547640874924
160305,0.5789804476989171,0.17304378831963396
160401,0.5119611770010988,0.12676825721510063
160402,0.5896357858165596,0.15840068463172163
160403,0.56472219829626,0.20314017545400853
160404,0.6226565412723246,0.1129619914902983
160501,0.27720795817741245,0.24609422751512658
160502,0.28379342694379084,0.3401374403429003
160503,0.3776535996351003,0.2319512441091085
160504,0.24577295673628827,0.24932629894226513
160505,0.24038550105889606,0.27844371097904425
160506,0.31463932572789627,0.31063611662279306
160507,0.29659538957406034,0.1932976268616672
160508,0.049873295740143146,0.4918207832850718
160509,0.2503715344677461,0.4077011120271222
160510,0.36445140753871136,0.27308001288222344
160511,0.16457223535135168,0.4534349439443421
160601,0.27402097744516046,0.27235807225018954
160602,0.37584113319529794,0.15018687010535525
160603,0.17885197940612924,0.31047570072856656
160604,0.22802283364536238,0.26028786966405926
160605,0.29221191240286937,0.22709800633720797
160606,0.33265459635809214,0.26102367269295795
160701,0.4505467015859172,0.22358406494247715
160702,0.2558601077255425,0.37906067800530213
160703,0.38243399498660474,0.3030008411756496
160704,0.5118294410829478,0.2650173071032304
160705,0.4680822364689828,0.22156445262618688
160706,0.5609367739320306,0.2603949932424769
160801,0.6559930528571339,0.17401259026202806
160802,0.6886662337510335,0.14573437518287588
160803,0.6528544158379498,0.12671137020624362
160804,0.7245713047243267,0.12345836796538835
170101,0.30070452281280746,0.3315151068190063
170102,0.20533284775856858,0.32028461270655434
170103,0.39627757185079165,0.3816301044675006
170104,0.29878369359970913,0.3340959856694152
170201,0.0939283798091624,0.2828349239948294
170202,0.11662793955187452,0.3136313438997979
170203,0.1359800682695197,0.27457304426621987
170204,0.13632502588585785,0.22990149088748835
170301,0.04026243049542607,0.4496958856198003
170302,0.009714407346329739,0.43394968426348574
170303,0.03535286415072214,0.4224226552270018
180101,0.5597730728862125,0.42598613547461145
180102,0.6799086125494109,0.2429930262366355
180104,0.0,0.0
180105,0.42684610914173693,0.44218418018496125
180106,0.16514148655910457,0.6286026973537623
180201,0.15701336610846517,0.5461924514774413
180202,0.14218844894754776,0.7962982713415988
180203,0.09090909090909091,0.9090909090909091
180204,0.6942873760056867,0.22328052032470874
180205,0.4537577890660548,0.5354382771653834
180206,0.2900624182922765,0.5724923739458102
180207,0.20114006739777682,0.5675622627739244
180208,0.38519489282192354,0.5727850729226138
180209,0.22977200274671505,0.627767033448222
180210,0.12523580185405195,0.717071841319724
180211,0.0,0.5859666792563684
180301,0.2634229329703982,0.6340176174813806
180302,0.12037037037037036,0.8796296296296297
180303,0.6259110572327672,0.37249548692553464
190101,0.07201776340776957,0.14222969165851632
190102,0.557559833444487,0.417942375868295
190103,0.0,0.96
190104,0.6184864436772083,0.3398533989803435
190105,0.2001646810328895,0.32806511604592725
190106,0.26605504587155965,0.6605504587155964
190107,0.3836041503704895,0.5939140597406295
190108,0.18076285240464346,0.7213930348258707
190109,0.3984826892252977,0.5035447271576041
190110,0.49938592347661787,0.47687663017806164
190111,0.3185965735882244,0.518312376322936
190112,0.10810561083754161,0.27176243105493797
190113,0.4262718600953895,0.47694753577106513
190201,0.478729523878467,0.4325761649672175
190202,0.3228106566409542,0.6372334219226032
190203,0.0,0.5789473684210527
190204,0.0035604082601471635,0.909412043953589
190205,0.21361256544502616,0.7596858638743456
190206,0.5877781806063669,0.38047160241550665
190207,0.0,1.0
190208,0.4178342336259286,0.5821657663740717
190301,0.004044088494171755,0.7136150979303783
190302,0.14357795235357987,0.6221498371335504
190303,0.20571301689547591,0.6296878609605279
190304,0.22869647140943217,0.4015356381700312
190305,0.17185890229721557,0.6105975191066353
190306,0.28112904620234197,0.37219891715090747
190307,0.096519446494159,0.48141162229610396
190308,0.4611427938561162,0.3223302383901547
200101,0.06834270130324299,0.18827081282767913
200104,0.09427384278095872,0.4732452722264972
200105,0.009410338161174156,0.43403739836822985
200107,0.01095582684269642,0.25340709116878796
200108,0.0,0.31508840368789576
200109,0.0027929656695231584,0.38069764996582717
200110,0.0018822264049475664,0.4729766066146814
200111,0.5346009149883056,0.4365869192175574
200114,0.2148716938475105,0.3884963690766572
200115,0.16012084592145015,0.6525679758308157
200201,0.11293058410850346,0.7166982162605928
200202,0.0,0.5339646523838545
200203,0.0,0.6758049730720751
200204,0.03974380029561505,0.8745278370832649
200205,0.0,0.6952307692307692
200206,0.25608899982449645,0.7359255864745229
200207,0.0,0.22189405487804875
200208,0.0,0.3333333333333333
200210,0.0612700716555461,0.6183133820431347
200301,0.0,0.7606895007835237
200302,0.0,1.0
200303,0.24237726098191215,0.751937984496124
200304,0.12996109041006898,0.588701742575283
200305,0.0,1.0
200307,0.024999928758894452,0.6247559992134982
200308,0.006339922151010448,0.5408983745739392
200401,0.0,0.27639383460606937
200402,0.0,0.29517757745923845
200403,0.0,1.0
200404,0.0,0.18538325381152387
200405,0.0,0.24513844477604865
200406,0.0,0.41981851555027017
200407,0.0,0.5
200408,0.0,1.0
200409,0.0,1.0
200410,0.0,1.0
200501,0.23090665130806448,0.7001140456285466
200502,0.06491341389003069,0.2944502171354462
200503,0.0,0.255153242302918
200504,0.19293402059868467,0.39619239635830766
200505,0.042386130383554814,0.20326090243117806
200506,0.02115291177899632,0.1421704726868883
200507,0.08899613657641085,0.7166347044775025
200601,0.09165385182257738,0.3799015419985594
200602,0.0,0.7142857142857143
200603,0.011402909209930978,0.3990508004659357
200604,0.44343634389004605,0.441972702221449
200605,0.05900532012568352,0.37429991634701704
200606,0.03622381418663528,0.26155498957387324
200607,0.07580652019626605,0.36267797188220685
200608,0.02002993727190352,0.4285385304704357
200701,0.22160454758326362,0.5662101709262701
200702,0.5919949997685076,0.39957207013552204
200703,0.026809157254334835,0.8506217316213098
200704,0.4145449041698565,0.5034774520334977
200705,0.5729915623625386,0.37602271364018097
200706,0.46088956397119996,0.2836747361887027
200801,0.03185997141056055,0.8154993420323953
200802,0.0,0.6521739130434783
200803,0.0,0.08810666700642467
200804,0.08930526537257422,0.4098793312565691
200805,0.06601851377857186,0.7178592984842054
200806,0.0,0.3794642857142857
210101,0.01253198938658879,0.02424128240151979
210102,0.0404862268628555,0.41350668679350594
210103,0.7469073525074887,0.0941724742732084
210104,0.0073844007514199525,0.7324680083618649
210105,0.22048548566947299,0.11081947661001447
210106,0.08220151587676826,0.05880556428380551
210107,0.01667876921074882,0.13220684390181808
210108,0.0,0.0030805642201617084
210109,0.39741935483870966,0.5303225806451612
210110,0.02160755200143762,0.028962067777827692
210111,0.2733351803344752,0.5273042573870169
210112,0.037590947615405684,0.26553095277280764
210113,0.09411098945710877,0.6496118690565527
210114,0.2728056173063174,0.6220331071133612
210115,0.014048602277134304,0.7701819964148973
210201,0.39370182233764184,0.3693723407542551
210202,0.09583685545224012,0.3866456345851952
210203,0.03629899055197791,0.48736881445641983
210204,0.12604548198304025,0.612558241674514
210205,0.13181986694951908,0.39429077502934934
210206,0.0015500871924045726,0.2442287631204508
210207,0.026284091281911854,0.8322280079302209
210208,0.5739570164348925,0.31268436578171094
210209,0.004909837294250993,0.5775856854706158
210210,0.039516805588260984,0.20319753476101635
210211,0.0386711937519483,0.5622502309880673
210212,0.050220458403204916,0.5165984173443212
210213,0.06570651390371232,0.7180267394208256
210214,0.026831040407087312,0.5763008039449695
210215,0.016229138798649588,0.8216745493343521
210301,0.5860801959893533,0.3834307963422872
210302,0.5864446186344976,0.3993264159215613
210303,0.4291385123336331,0.3796522390914053
210304,0.3775893935795636,0.42156778217187946
210305,0.7197190839020052,0.2669006713596483
210306,0.7411966463828505,0.21339507581569536
210307,0.3756926100482235,0.5758838851392817
210308,0.5146576080558549,0.4541685155167574
210309,0.21896265976948007,0.30462002695259854
210310,0.5742537218529571,0.417639166779707
210401,0.10775525273282748,0.11882232518889518
210402,0.054953150231846645,0.27643836349549405
210403,0.0,0.7142857142857143
210404,0.008162787333558356,0.4574471404311427
210405,0.005757507337999549,0.700112892300745
210406,0.05232458993957576,0.05489775236597344
210407,0.009672000866958061,0.07246866307842359
210501,0.01568939711540452,0.1694457446182686
210502,0.0132343019266145,0.7864289297803511
210503,0.012580572025469264,0.04163333078653885
210504,0.6926927442637616,0.13990289245293008
210505,0.010733855293355443,0.5743326342143698
210601,0.10029029345584153,0.07442958534195186
210602,0.03215492904359234,0.7286566322940234
210603,0.0,0.2142641921219574
210604,0.0,0.5469074799795536
210605,0.0,0.07208863600127915
210606,0.1650661157151556,0.3564512096545356
210607,0.01945436133548199,0.08046181102502159
210608,0.2657711637050327,0.3386529418298959
210701,0.0017694041401454814,0.7993105395338226
210702,0.05235014523369422,0.5896940312374692
210703,0.10173881344249405,0.6113967656127873
210704,0.03016509096597487,0.5898015512025802
210705,0.7503177617706045,0.21480319016573518
210706,0.13609760068991095,0.6332284998356636
210707,0.6425825122943281,0.27187122686648846
210708,0.04697497481972863,0.772535131214989
210709,0.8817701909468588,0.10518652521169097
210710,0.22023809523809523,0.75
210801,0.030692495637587004,0.7486575406701712
210802,0.5534269902085994,0.36355896126011067
210803,0.004395604395604397,0.5976556776556778
210804,0.6860724903319525,0.2751728894961417
210805,0.3897266260854091,0.5702329671249942
210806,0.23739694778687864,0.5964899993774623
210807,0.5028338824357829,0.334362330126036
210808,0.28771905080920984,0.6072171543417269
210809,0.01145298751908192,0.6944591474313243
210901,0.06562403539458796,0.24786253729807586
210902,0.1099606804555868,0.314288267502884
210903,0.0,0.7777777777777778
210904,0.03915374145087299,0.27211430203834724
211001,0.5889347775579038,0.32902843317123187
211002,0.6963727548993245,0.24810598043703627
211003,0.0,0.6
211004,0.35185447259536784,0.35754693441285895
211005,0.739851401725122,0.22991746986625478
211101,0.37756401188286887,0.459507791101444
211102,0.01256279685004832,0.7332924397047433
211103,0.7844239261950499,0.15566384528503557
211104,0.08498117230200763,0.2934733078536521
211105,0.18718648156098136,0.49650797044678907
211201,0.24699540193435865,0.6903361344537815
211202,0.6950429788777723,0.2505317779659119
211203,0.29585234331020904,0.4186057239819486
211204,0.6810563595953384,0.28394683637278584
211205,0.324550429339434,0.37838736346656054
211206,0.38894097697307917,0.571020981279692
211207,0.0,0.6094594594594595
211208,0.0,0.9132402225133117
211209,0.08155181920000922,0.48110487175595695
211210,0.12508463968662928,0.29566252984802444
211301,0.05150814309999396,0.041463974561350245
211302,0.9734711875573887,0.007493547445519679
211303,0.0,0.0
211304,0.1206174855276829,0.18132700014843398
211305,0.0615412524877413,0.11337697885486515
211306,0.08100644369438478,0.12611230438784904
211307,0.22377782959210352,0.07743533218870781
220101,0.2634669210173312,0.3652907796097932
220102,0.0,0.2396533963521783
220103,0.049684123516561374,0.2910393418747909
220104,0.21076103563612342,0.40589771648015854
220105,0.020926239743132347,0.2555353638958258
220106,0.24990245136853795,0.36712896827016495
220201,0.4659455421806861,0.19859839766922885
220202,0.0865264542495771,0.46142157014514423
220203,0.18394413589945433,0.3173325876416585
220204,0.29687973341411705,0.3925742624808962
220205,0.06166275526179545,0.5259935330061601
220206,0.3015181256640673,0.2643163695404297
220301,0.0,0.6119402985074627
220302,0.0,0.4444444444444444
220303,0.0,0.19855361596009974
220304,0.003346808063838723,0.5972149307013859
220305,0.0,0.2805268109125118
220401,0.0437801458920048,0.5244428694185019
220402,0.031553708245346056,0.3461860684951792
220403,0.03045596936999652,0.4195894159961235
220404,0.04114110791473039,0.6277199970494945
220405,0.013966802539104166,0.3117018455205337
220406,0.34787893133018843,0.35465159758106607
220501,0.2506625163000041,0.6989652126361842
220502,0.02071107134398274,0.48811810837127295
220503,0.11705086882264,0.3220009209095452
220504,0.02944525203873387,0.317598210777706
220505,0.31674886763965787,0.5365349773527933
220506,0.10872942638695342,0.5163600241045536
220507,0.09130138541903247,0.8074040426981604
220508,0.0,0.46111111111111114
220509,0.21150424585523647,0.5412858875859275
220510,0.22628927562332266,0.5438426387121247
220511,0.20891548260075435,0.5330787295111132
220601,0.47235361613440163,0.224677454976548
220602,0.45086109443965317,0.24695798041670108
220603,0.2917012186041743,0.4579457328430442
220604,0.3314639530066236,0.28179221556165646
220605,0.3447834403475316,0.2501017602532624
220701,0.3459324834167633,0.3472904593988115
220702,0.5876624396514646,0.27559285338024286
220703,0.3529132162203899,0.30805825028529477
220704,0.2973585573233971,0.438072598211028
220705,0.26496055028974735,0.32028182123147564
220706,0.38120226626067016,0.3844344331852447
220707,0.14872583904778744,0.2697346954304575
220708,0.0,0.7272727272727273
220709,0.0,0.826047931065434
220710,0.06666666666666667,0.6666666666666666
220801,0.014785705396375607,0.2329957208091212
220802,0.06960995140728772,0.36182600878391485
220803,0.0,0.18797916257126007
220804,0.0,0.2127685571734039
220805,0.21439926121483632,0.3037936759144052
220806,0.0070921985815602835,0.2182261103310893
220807,0.1318854282459159,0.4779457264004806
220808,0.046733448008364535,0.3456845087524031
220809,0.11414057528661868,0.4313409333577798
220901,0.039466053394660534,0.5765923407659234
220902,0.23989906149876666,0.6228415889307891
220903,0.0,0.14736842105263157
220904,0.6305264137865468,0.302072515167774
220905,0.3026358508647994,0.18872122867424496
220906,0.6351893674468655,0.15115197547050935
220907,0.244701071211741,0.2205966692742481
220908,0.4280670680073896,0.42483175002377066
220909,0.03253796095444685,0.4927176944530524
220910,0.029597422088814336,0.8240708042729761
220911,0.4993227195652893,0.2001307776178195
220912,0.0,0.8571428571428571
220913,0.8299418604651163,0.1438953488372093
220914,0.6056169520654531,0.34958744293843136
221001,0.2516313051074092,0.2696406533538044
221002,0.16180720886672909,0.25933887408664924
221003,0.3312467808070079,0.38530572965797166
221004,0.16207691785932307,0.8122461130329272
221005,0.20116953479665012,0.33794102435147466
221006,0.21341282363751712,0.24647438563163732
230101,0.2622635361527631,0.4602507116201576
230103,0.3902877697841727,0.5809352517985612
230104,0.0,1.0
230105,0.01205517013154318,0.828627483424141
230106,0.16101694915254236,0.8050847457627118
230107,0.2683462907796266,0.568927559398387
230108,0.0,0.6482758620689655
230109,0.2004125708435634,0.7417003068227449
230110,0.023297491039426525,0.5949820788530465
230111,0.349643506221166,0.577853891917921
230201,0.7667132541346378,0.12421383647798742
230202,0.0,0.375
230203,0.1796875,0.5703125
230204,0.955075834966294,0.04148753514122527
230205,0.0,0.43795620437956206
230206,0.625851202605314,0.17393861259703483
230301,0.8500264559918258,0.13295960443730842
230302,0.39027706708204335,0.5584708038216574
230303,0.13960636140718613,0.2941878508418317
230401,0.7152669682312506,0.24522667836709394
230402,0.0032447701939227365,0.8535399806586248
230403,0.0,0.5
230404,0.0,0.8327858081471747
230405,0.0975609756097561,0.8292682926829268
230406,0.6258741785370294,0.3273598384989059
230407,0.0,0.9992236024844721
230408,0.5635508411857104,0.41509263041668737
240101,0.33871846589642507,0.25385362128596123
240102,0.2168417456553145,0.38944675982456306
240103,0.18043297550343423,0.33298862872529544
240104,0.19915263767991906,0.36982872265314476
240105,0.10112255187266832,0.28550599030672213
240106,0.0685478097511916,0.29575819887766247
240201,0.3144934265440059,0.4800085941043187
240202,0.0,0.15029903787813123
240203,0.3948330968486796,0.49946093724331475
240301,0.46749206403028737,0.24072020492958277
240302,0.21635038737710696,0.4571316023120753
240303,0.020369362147238987,0.1442059957044931
240304,0.11788684642875172,0.31214805241153193
250101,0.165915655860138,0.2802306302124006
250102,0.14018684289280087,0.32715675860549404
250103,0.163360719682597,0.2780566386560934
250104,0.2506093678332986,0.3141398853766721
250105,0.20623158602051292,0.3353424107944994
250106,0.2061707627746941,0.31385571290501807
250107,0.2826148401972929,0.2371931226719183
250201,0.21948942789232695,0.32978083255620755
250202,0.3270683506495179,0.3410286714817248
250203,0.203901059139389,0.27923671535566624
250204,0.0354976825454883,0.3144570227573722
250301,0.09370396351428746,0.34761583179558225
250302,0.07698323138192645,0.5745710426972359
250303,0.3895605360199417,0.27427390454216083
250304,0.0,0.48275527057223355
250305,0.0,0.041666666666666664
250306,0.12040062997269119,0.3069795473736456
250307,0.01767367304331025,0.3055976470882896
250401,0.036239210480020996,0.4541860748489071
