ubigeo,elevacion_media,pendiente_media
010101,2423.2659858430316,21.25283667238062
010102,2819.011116077834,19.819780822491463
010103,2332.1294710460265,30.776104032969872
010104,2525.921414562439,20.679454156941368
010105,2626.557058467557,22.7955776140436
010106,2751.6384582323813,26.191588595987064
010107,3371.8190786224577,15.494284176504657
010108,2198.9348316172754,25.82741355200468
010109,2919.8664147513273,18.88575145736317
010110,3363.1799829333095,21.66565126001076
010111,2751.4450831628187,20.703693462198142
010112,2697.4757792849996,19.865429308052835
010113,2925.1584438986183,17.454768959662644
010114,2772.364987934232,16.085056448421817
010115,2833.33243559614,21.03190507702373
010116,3164.6638298567455,19.356658586665162
010117,3091.287244644513,16.175518514370907
010118,2362.4149272853174,19.56945464284841
010119,2854.943838708205,20.069049689163535
010120,2936.0856445769264,20.853557466653886
010121,2388.4627610732173,21.238742997207645
010201,595.4209286028047,12.410018977080375
010202,1272.1424344971088,24.54075583569269
010203,1313.5326712664191,16.374855716272496
010204,653.8089204946087,11.548148720127154
010205,907.9757201237508,19.435092290564526
010206,1075.3451318705384,18.252714013441295
010301,2687.2651058780634,20.980197897066418
010302,2827.5867124055867,21.314063412189128
010303,2189.9848177866406,17.961555703773215
010304,2394.8658939234547,19.935892250206322
010305,2222.870980307298,20.815498682811118
010306,2396.2227760195583,20.917399593130394
010307,1935.1593788077812,25.389137877677477
010308,2440.895708427736,17.20794335054233
010309,2702.6207386859223,16.82219269842219
010310,2071.596068600497,29.822381316355607
010311,2241.528459021209,23.42595717183611
010312,1771.6759319894215,19.447553779574907
010401,506.3447117160287,12.735141535657066
010402,951.8187428541958,18.26970676695068
010403,543.8126928869304,13.063112605296766
010501,2465.634583330512,18.925260085171104
010502,1675.856691106416,24.83290265036725
010503,2232.041988419083,30.325181300926594
010504,2826.016080683224,20.738592356964972
010505,2544.728113094026,21.63484852275939
010506,2721.3343766677235,23.09611684435216
010507,3203.3034330553196,24.6303146956121
010508,2625.628628805082,19.060703750164553
010509,2450.9404882753197,15.779155994467386
010510,2551.4757341664545,21.689618322495683
010511,3168.021717409979,26.47852869020647
010512,2028.5386367146152,26.313297123613776
010513,2051.5354067095705,27.032072456507656
010514,2364.6590536742146,28.772789081287
010515,1663.5137144661687,30.931735501299965
010516,2375.4209693875982,23.368154260508682
010517,2895.6188976817803,24.245297704132398
010518,2212.8882140204832,25.178305502662333
010519,2607.848374337677,25.858022971010257
010520,2288.434323152509,23.52859283922184
010521,2949.5511017679896,23.427242742777832
010522,2661.9025987063897,27.154754312089338
010523,2880.841265741796,12.522456428710608
010601,2169.0966270694325,18.997356410313163
010602,1946.302094872194,20.37268978936742
010603,2386.9479477719096,20.204197414682707
010604,1768.0223359460342,11.073377440814955
010605,2248.3293368271698,21.92307720874181
010606,2208.6966354693486,19.568095697694055
010607,2421.290447911501,15.134595394939764
010608,1773.211637960323,17.425651475361352
010609,2143.7036316542194,22.19270158832689
010610,1918.7119338122545,14.104483477431222
010611,1786.4097296377874,16.388836694767082
010612,2337.9373792672177,21.122373957154576
010701,1300.5177898871677,12.720551149127886
010702,1843.929962938424,24.488902748548064
010703,1245.4478805177175,16.711403827791106
010704,684.5680730167833,9.143160866981027
010705,1729.8778672310914,18.975258105452127
010706,1689.755879442601,21.931302677331573
010707,1435.2691749491246,21.431120606476412
020101,4157.9969530043245,20.700306416866184
020102,3000.1324645829404,31.316935586717136
020103,2479.7942568648305,30.892118621015985
020104,2996.21292703938,27.287124708072035
020105,4157.2075606383505,21.97547329875984
020106,3781.1763377084826,21.237317139946498
020107,3999.5457903126344,23.014587375682623
020108,4363.86581846834,22.093605055706483
020109,2021.5132839922087,25.507473076910472
020110,3221.790693783192,26.264995631403924
020111,3997.1170315044737,23.490375438546778
020112,4222.156082490918,24.428781816121493
020201,4162.914080401086,21.40346286605861
020202,2737.4071142030034,26.189243643139548
020203,3520.4124940377183,26.844648126654903
020204,4107.14510514563,18.13217328117833
020205,3733.348045963917,26.192104751077835
020301,3138.1530738225692,22.979727921434364
020302,2933.3338117150197,28.06059495796659
020303,3046.245213894325,28.643513819652956
020304,3324.8786373206985,21.545962689910905
020305,3981.848132063625,22.128816422872827
020306,4062.1278216318087,23.36628771629955
020401,4355.273543393722,27.53720375892069
020402,3748.7143952606525,24.464243965873386
020501,3820.629997904979,21.180494552230105
020502,2492.3074745604126,26.601595839390257
020503,2355.3119434948426,29.41257610375283
020504,4495.552925211949,24.06374466508189
020505,4037.5765020663644,19.608474361497247
020506,3287.6246089025994,27.738732346126934
020507,1694.0350201327155,27.44267507451055
020508,4259.4813691909785,21.461523688609102
020509,4198.799316371226,27.761758997828036
020510,3804.413799644611,26.459629920943286
020511,3313.900517425705,28.254123383187224
020512,3488.6113823929013,26.46294472119942
020513,4257.6343078984355,28.171719865540886
020514,3799.113902350946,25.990693392219427
020515,3967.2081552214754,22.456133622266023
020601,3824.1128778074153,21.550684864230714
020602,2971.0588254499894,17.71939108983258
020603,3135.0971188084254,19.632131328018332
020604,3661.3849582545527,21.00563372527003
020605,3687.5687640386714,21.731779727792183
020606,4116.641402079181,24.45906772041707
020607,3037.351129056917,16.858585449633665
020608,4510.388349625526,28.56281795115379
020609,4475.907347632278,29.1140406962633
020610,2823.3610937281014,16.979714132048915
020611,3776.416062621953,19.62996640472273
020701,3710.9540062605893,19.97334148224607
020702,3254.770982096539,25.701382539487742
020703,3576.066316119574,23.98957608477115
020801,397.81487155554424,12.877438871330671
020802,900.4455662742339,19.428487068059926
020803,133.63385668110556,10.645864327502363
020804,1206.0722294563902,23.820263414161886
020901,3431.898585991608,23.92649846401287
020902,3648.0784753168023,28.289556956956336
020903,2711.4022231983936,28.850846234000578
020904,3987.938013510458,24.444021528653778
020905,2502.1009325974537,26.80457390384589
020906,3470.89175924101,29.315013583571556
020907,2444.502721046335,28.870211559919014
021001,4082.4595904766325,24.9383242639922
021002,3774.397661085723,23.719691479969384
021003,3981.3191059276382,23.110980702466698
021004,4326.9811956513,25.050401522944938
021005,3819.9296305631215,21.548349856974735
021006,3561.8477429304867,26.851612784550962
021007,3763.7661558795376,28.859021137360457
021008,4129.27451080271,26.147030188220768
021009,3484.4332613158695,28.52733116489863
021010,3533.2819748139314,24.364562902883378
021011,3675.941950862841,21.402265838902903
021012,2757.154067467976,30.047255260473957
021013,3785.623065899456,29.511557639374757
021014,4254.168581911547,22.94375481114953
021015,4025.0829531054787,22.660129171314374
021016,3241.6597100884787,20.87918285196434
021101,747.6978262620823,17.305300877970534
021102,2538.7953798927274,29.675253247699125
021103,481.0056437118852,16.99838014154472
021104,2291.020242725907,28.91531208469202
021105,3113.407287289821,29.59348525992102
021201,3694.6889904059126,25.480579910533613
021202,2436.0054744084446,30.33810605856841
021203,3425.994955518483,26.2602542492
021204,3266.805649446596,23.132426453757972
021205,3408.4397090264597,27.54717397324223
021206,3521.1295546146653,27.305570513373507
021207,3427.6142917738152,23.059604827547187
021208,4208.807110405348,29.253257929560593
021209,3841.9014474190417,27.849207126358337
021210,4041.9337536286375,29.95115729892638
021301,3353.238523418499,16.935126597401833
021302,3588.1493128927054,18.53731423315928
021303,3036.6084165777083,27.8494511550288
021304,3243.5726520694197,29.234096561144757
021305,3193.408865025433,24.282460381127354
021306,3635.061347442235,25.78018897541274
021307,3718.2206304530623,25.365509212338537
021308,3227.5175283664325,22.722766251320614
021401,3883.177535647003,24.144157988326253
021402,2533.593639582922,32.63094247133964
021403,4049.567944721758,22.218858685969334
021404,2597.2114840381246,33.999282785959394
021405,1212.812725606311,24.961677231149803
021406,3712.04757494038,24.047255282707415
021407,3319.9398414961024,30.073693393872407
021408,3428.1792493471,32.00146501409457
021409,1492.6825855046968,24.303899267676343
021410,3470.9818040458335,27.18477712348764
021501,3879.52471046593,21.279994045577634
021502,2426.6250273990017,25.658110621627447
021503,3830.8673899507953,26.647507240910322
021504,3234.5552166392113,22.799940251109536
021505,3821.46813759216,22.777015137466467
021506,3678.25933905318,27.012010243655435
021507,3395.292081934063,27.31604620719775
021508,2782.62870645471,25.11739024397452
021509,3811.019006909011,25.930759712860564
021510,2105.2125574529477,27.23196414052699
021511,2936.627003202062,23.62917878068272
021601,3891.7867230172287,21.428054723925506
021602,3752.0265054156052,24.67648282981326
021603,3136.4509902248064,27.080399444417093
021604,3191.6163912302304,27.348029682914216
021701,3983.1125409516108,14.716317571218132
021702,4329.610158082782,14.735985823153332
021703,4131.969943523964,21.031099105772967
021704,3470.183308945659,28.1969005785038
021705,2670.168530496915,27.905588052162084
021706,3538.1097280509302,25.018866608359904
021707,3953.915752579396,20.0241526432964
021708,2434.286581826523,27.96064129576869
021709,3942.8979968586514,24.968728749846992
021710,4170.320980870941,17.369003233750743
021801,721.4219803836444,16.411858375953397
021802,2846.573206002384,29.058396031933636
021803,128.96830183586246,17.538118372747906
021804,2545.1262833041724,30.066585116896665
021805,1197.557347841654,21.163944010739414
021806,485.87025667537176,13.682647990339763
021807,99.13317458608519,9.577983741084886
021808,52.97057566265139,4.7406781394043
021809,259.59251417585165,10.653576193723127
021901,3325.5283704802982,22.03175343782822
021902,2879.7489213015942,26.82248487606878
021903,3136.6853743887705,30.249143754979432
021904,3633.6536214809694,24.12740815235237
021905,3750.319225675612,26.660657997276026
021906,3518.6609815355705,22.952364943040894
021907,2962.4974800171603,24.10023124779214
021908,3975.1535266901565,20.0022577001307
021909,3632.0885310230638,23.38888996702873
021910,3250.8675444529595,23.358737147374583
022001,4035.2054114487514,24.918690444257436
022002,4025.3436836246537,24.289766243785984
022003,3317.4580053722507,18.167309798825613
022004,2976.2734301883957,26.15167981005854
022005,3192.4289743256754,29.362587310181976
022006,2937.6699781724005,16.13234608909878
022007,4045.947023155276,23.56728352843929
022008,4062.617290809979,27.131608249143138
030101,3399.976980107363,25.548088003948443
030102,3988.587018640665,26.487026188973978
030103,3913.9881187195515,26.498793749636445
030104,3539.5610508593627,26.248345072076788
030105,2953.237299996952,32.11621646243874
030106,3760.998993016217,28.476742148967286
030107,3334.7056162713593,25.953502438510714
030108,3121.021290059172,29.006983445776715
030109,3742.2915743922713,23.74629374370343
030201,3705.9526714028198,16.188656854345496
030202,2668.9130820383193,26.01484097877395
030203,3748.8472036551516,17.51987910901761
030204,3151.3354470908266,26.546894922888335
030205,3573.2064077029772,18.612483116405034
030206,3645.7827305530705,18.618235416313475
030207,3693.7754076728,23.387820554071777
030208,2719.4965047106034,32.09715263661565
030209,3289.860397975759,21.886046884084298
030210,4019.866531006366,12.168969593979506
030211,3952.6591736074565,12.867316818840642
030212,3245.2549033096047,25.58940498727306
030213,3969.489884298032,16.273192131937176
030214,3448.6246687822695,25.430350912366652
030215,3686.1254243643357,15.912213407726068
030216,3255.6818665729033,22.88857068230628
030217,4070.464719185249,10.917102039090913
030218,3729.8976296941755,18.97017008133456
030219,2663.7678025832834,29.967716768720457
030220,4054.0078344213657,12.895551291673451
030301,4516.675670549715,18.76305230821215
030302,4100.568537453159,27.624664718181574
030303,4313.982268462305,19.227233708297987
030304,4502.340167809817,19.26192666144291
030305,4573.348138693883,17.618899004304488
030306,4047.1828113801857,27.40092205754742
030307,4000.162683969241,26.389059420866225
030401,3863.999844368561,24.893388251162524
030402,3829.6225992235845,22.774628235333736
030403,4272.376227985985,22.582983283017178
030404,3570.6092847816335,27.171412440699278
030405,3587.8817568803042,23.980992608813605
030406,4346.328582467164,13.457346614285104
030407,3331.443904816072,26.290751710633952
030408,3431.238641517229,26.87459032867076
030409,3797.0877744471677,25.775566567893513
030410,3668.6765523542076,30.15081548363354
030411,3910.3281079989633,25.939060010440524
030412,4079.455851260167,13.061528582639989
030413,3546.690206913696,21.783793037682667
030414,3654.8391575729224,29.496806020208844
030415,3316.832027916054,26.53452576581211
030416,3738.882396549147,22.334850035873774
030417,3763.21917692016,26.245179081007635
030501,3920.9651750583726,19.33383974197501
030502,3581.981647885793,26.047396164676442
030503,4000.0756240838496,19.65120819389781
030504,4073.7512594182017,18.345048588268234
030505,3722.052214934969,24.161855642077168
030506,4153.455005944868,16.413687430496775
030601,3114.273303073645,24.421178175229272
030602,3715.0998681812157,20.389997593484456
030603,2984.1850408906603,26.02124547339293
030604,2755.990512624699,26.70559551201751
030605,3108.8519310177217,26.92145299984411
030606,3149.8013022617024,27.9996352618746
030607,3304.0853217469626,20.93503367508045
030608,3809.644893711028,19.00036726066028
030609,3355.981521528271,26.236583124512585
030610,2711.1143419888044,30.38453535669676
030611,2873.0150514530046,28.732699695652848
030612,2894.210954247326,25.055964707508927
030701,4195.090551595216,24.464230348528908
030702,4134.436049984599,20.94525257502318
030703,3778.692085786306,28.124621793968444
030704,3620.0233602699186,25.47447635141099
030705,4031.550934314049,21.321224164401883
030706,3978.2246187869105,20.768102851451257
030707,4339.801720987769,18.533052118249596
030708,4209.641078154354,19.35590356960378
030709,3770.6452418813797,24.750105417789253
030710,3607.208762361865,24.91159481679627
030711,3842.702141583026,23.099719838895087
030712,3143.34487846908,26.355426857029713
030713,4477.2208434648965,15.8461426773749
030714,3917.376887421502,23.047485818760563
040101,2322.718147790855,3.701229239248905
040102,3122.720153930092,15.948201737063188
040103,3844.0937432753176,16.81169861861881
040104,3203.6991967079853,13.380877230602922
040105,3349.7271845008886,13.062630064917364
040106,3691.361723522223,15.309280166935162
040107,2316.8567471663805,12.571594501310543
040108,1644.8957731349938,7.879053267654373
040109,2962.127897015078,10.263420132166065
040110,3118.4584198179405,14.405329170141481
040111,2590.501766840582,11.696278977357599
040112,2603.144312408848,10.941211689268938
040113,3615.7329849987646,12.554735560537678
040114,3069.1360582855077,14.522660514606779
040115,2747.4866808230386,14.338619327558739
040116,2709.88323598426,12.28240347409851
040117,2253.0104613997833,4.513429734406414
040118,1254.1787061655525,12.520821501812792
040119,4443.1109487794565,9.525747306221547
040120,1793.7029670417257,12.938949533310646
040121,1188.7763898985052,4.440492100993934
040122,2343.2044760370445,8.6922815967461
040123,2359.4719775972812,13.206091202118863
040124,2146.8487476230343,14.154473354822274
040125,1504.4837111450192,7.988358310409372
040126,2345.256467000169,4.147512188404317
040127,2629.561817098833,17.220513801685133
040128,3565.6194803386084,14.279929012798991
040129,2359.580087505033,4.069190524262148
040201,11.55509043275312,1.3991039156339269
040202,78.43140975118057,6.261273744999232
040203,1592.36457100137,14.314454774607407
040204,746.4451202290779,12.750342168321547
040205,762.1268873196394,15.438527677407365
040206,1284.2146585261635,10.541990531525654
040207,646.7034650613384,14.953167905218331
040208,398.76959295661186,13.22245330360046
040301,2139.897854967877,12.033076086417056
040302,1183.0381656288769,13.246916027258212
040303,1454.1340158787275,13.416830529163612
040304,1155.0540815458778,17.08900482989841
040305,809.13888483524,11.390271550617294
040306,3304.5741665799883,13.396664715214445
040307,690.8688520375484,14.536810968662262
040308,1590.7762866643877,18.54773361656345
040309,2426.3568547236996,22.253811781648952
040310,1316.7198976383472,23.49357240625066
040311,347.62361398159686,5.443447312124602
040312,3089.4072415020687,17.249438299393148
040313,819.6125949448435,14.5607474301398
040401,1535.8571291220567,19.498526779703827
040402,4170.062267271973,16.37031773831551
040403,3276.0700893040053,28.84542854613361
040404,4720.618313334121,12.874421198823057
040405,3998.385776101121,13.123294961667183
040406,4337.4037687157015,19.761206936848
040407,1920.6765458245072,22.60884112211965
040408,4176.611620173008,18.470674564085726
040409,4572.9701202941005,9.987988124458267
040410,3939.8199040246327,18.29188276970573
040411,2297.7322583923833,30.131906986736347
040412,2978.5962390870777,29.47539305171102
040413,1145.1639662761474,15.389341544277922
040414,4224.23060635413,19.128642354828624
040501,4503.7076771978,16.04016503630727
040502,4396.457750934036,10.623425346810299
040503,4157.928003958626,18.297282367359134
040504,4504.909063680063,10.934045658921486
040505,4641.467987494717,9.51013747684519
040506,4179.52940941457,15.857334582615657
040507,3472.1338625060694,21.831025457430123
040508,3746.903136427421,16.72333232104398
040509,4305.93589691806,18.768258775504343
040510,4762.464932840057,14.584137496534844
040511,3651.2770042756956,16.734674953439917
040512,4635.299111532691,13.974463001222798
040513,4436.06416894178,26.24430931973077
040514,4512.804800360447,6.129568485870503
040515,4465.788717010233,13.880740219382089
040516,4579.257101863723,17.885683827138145
040517,4470.357919644941,12.862337999421369
040518,4589.186521614429,12.41250195808242
040519,4482.927364155118,8.546529970864151
040520,1381.7219327126677,6.2602189327623465
040601,2446.1776401749876,11.593448815038517
040602,2899.1871880794333,16.00550993224484
040603,4620.746982882731,11.524309163167537
040604,3223.603597936799,30.172843442438396
040605,2510.6184361430205,19.150458947715766
040606,1560.366626188836,19.927883592404015
040607,4657.249224213278,10.373984482770235
040608,2459.9632259064947,24.490594944991557
040701,1053.2924811274288,8.007317269672184
040702,1145.1623495163244,14.213611550194264
040703,212.60978265237847,9.09482305154101
040704,881.2726612668638,11.848128289881059
040705,546.0650681616423,13.351741165642395
040706,658.0884950620177,9.262269321096532
040801,4146.548974805653,17.44699753902072
040802,4382.416164453548,20.264646812375037
040803,3939.795713840402,23.530009594744673
040804,4642.368884821808,18.238616447956094
040805,4500.220214439416,15.844827981213173
040806,4782.96210288812,14.534105699284996
040807,3091.3592804171385,29.292248781016532
040808,3027.165357497498,26.489723968138367
040809,3029.6179718238777,28.839343535057342
040810,4280.09640345507,18.622749507541226
040811,3390.3353992800467,24.433067740468122
050101,2889.601261562307,16.62627219283466
050102,3735.928791076409,15.443487131511628
050103,3515.6093037614755,19.35955271341949
050104,3150.770211616548,17.360288786005018
050105,3783.978921158184,13.227592791497475
050106,3171.6491427059627,25.53846381104745
050107,2700.734676860414,17.358855114318985
050108,3279.1638500640443,16.840275090516098
050109,3182.672613333756,19.83350884032352
050110,2809.5214374435445,9.915794378827513
050111,3051.664498854467,21.365890181532126
050112,3718.5340848872306,14.981765122994119
050113,3018.5517972715106,17.718840040971397
050114,3958.6043559511263,16.89016577271409
050115,2665.1559265957803,17.15856419759378
050116,2682.274828934962,10.367630802453256
050201,3324.164094380478,16.67769676325623
050202,4075.789910471092,17.406805095384037
050203,3643.7813592474563,9.252744855920456
050204,3665.098680947154,15.028482159685746
050205,4334.457187857095,20.888720080298274
050206,3859.43345471192,25.110172268034784
050301,4191.157791442133,10.453174622743306
050302,3778.9834250026192,22.522807139270554
050303,4117.020814212164,10.729482721195966
050304,4247.19770067265,12.19124481353316
050401,3561.3335610976064,18.457078846828303
050402,3320.4152951226506,30.45723134661827
050403,3574.2293021035025,17.09834244675906
050404,3095.6288983473514,15.532786681989155
050405,3045.2386431943087,21.412497230495234
050406,3466.7780763979495,29.98305477007824
050407,2482.8826739839096,27.007335842036113
050408,1909.131706944539,26.079799550666127
050409,1204.357073317152,24.579439698444446
050410,3789.3962978530208,24.91493872577846
050411,2876.542840774879,32.22598321295267
050412,3938.2301598273407,26.064147108043816
050413,3897.949317127206,24.772916097223124
050501,3646.568938962164,23.781669388996793
050502,2754.0616137187217,29.29283172545056
050503,2345.606658779316,25.624686812768047
050504,2891.4918433530925,26.36996382348605
050505,2918.2363420214483,32.290220112069456
050506,3207.457435691375,26.442372295223066
050507,2114.1283005309215,24.665798480621447
050508,3835.661688606874,22.188824282816793
050509,2628.9736975451187,25.158181781613504
050510,2726.496161869225,27.92390294702553
050511,2677.99724894278,32.93488594433393
050512,1150.114269266462,17.355052547815895
050513,2172.7641245915274,29.679787447618924
050514,3221.987908145842,24.595842111206636
050515,3264.9447687980846,23.601870047765235
050601,4019.641347902426,12.45665468445953
050602,4027.7951104743966,13.023360600791419
050603,4149.748849273741,9.677896054891269
050604,4186.225542872797,11.682069663768624
050605,3497.434067869737,16.44212113190194
050606,4333.591293830216,11.192172935876991
050607,2633.6183210276404,22.979113069607237
050608,3549.364295488816,15.931543206056446
050609,3236.268947341771,14.892664839672891
050610,2931.009041153431,19.884997746277335
050611,4013.952655635135,10.688195817249076
050612,2631.3224142491927,21.491560231264167
050613,3061.995165972286,21.094532140043363
050614,2759.1234485824098,20.12300081586203
050615,3380.233400877485,20.061770727732064
050616,3469.340227751409,18.843768601698585
050617,2772.4109137327864,21.087832976486087
050618,4065.107941817939,11.146772898368958
050619,2663.1432325184355,18.5400543024338
050620,3529.9370635068267,16.189002429973275
050621,2603.653138377388,16.32461446208557
050701,4227.4923123738345,12.483052249369997
050702,3555.9235412299195,13.608112392954212
050703,4444.827712082668,17.10900485608045
050704,3978.398960253118,20.38814087792193
050705,2938.0530996551315,18.215800575359086
050706,3620.0813919756974,8.668798291560233
050707,3954.5289359152666,20.375469221618797
050708,4061.7876003275082,13.683166733039295
050801,3178.864644687037,22.90222062799606
050802,3860.8838497109164,17.110643886200933
050803,3482.7957691123393,24.51528321418372
050804,3849.397129057604,15.291081207239962
050805,3935.8198446390415,19.024050429594517
050806,4544.596081735055,8.598307306516135
050807,3593.9313627336865,24.66941367343248
050808,3876.4486088402414,24.976363718280375
050809,3643.100166373519,23.220993001089056
050810,3717.5825084913986,19.832161456762154
050901,3613.3985604910467,21.00309582806537
050902,2754.1732937655975,27.488999385827558
050903,3229.2227953381707,26.61855905638582
050904,3113.5068521893177,28.74410761181395
050905,4000.2236133991737,18.889265282014648
050906,3831.689995893564,16.010072857610538
050907,3543.356225579742,25.470137479840787
050908,3944.8244056621975,9.31692272339416
050909,3707.560643778217,25.263212579753997
050910,3722.4496988985443,18.369772282818932
050911,4041.6785003397854,11.000169770596466
051001,3961.5114845284575,17.66314069605103
051002,3469.4744177330417,25.80112970479249
051003,3991.9594850721164,22.442065228671154
051004,3556.9855161299424,29.939174875839694
051005,3863.393162092526,20.58948767139794
051006,3347.2422607488525,22.3623388879426
051007,3037.247116825519,22.96439572148003
051008,3682.413823287915,29.424066992596448
051009,4036.3966264317096,15.566963878630961
051010,3731.3343197520153,21.644595857137915
051011,3984.8043822608174,21.067086480531835
051012,4132.5286346024495,18.31428941265631
051101,3457.3353882179495,19.038320729058317
051102,3205.7704413444094,25.48627022719404
051103,3121.224728814472,20.63454609339255
051104,3303.8830889544247,21.44530336699014
051105,3453.6639994627817,19.97638367018662
051106,3159.033454949617,28.963059624799293
051107,3008.650875567779,25.61870421017071
051108,3662.639654244455,18.16741489042404
060101,3390.598135284368,12.744614338506308
060102,2843.9435143829437,23.29070889242622
060103,3206.638286814887,21.107185302062685
060104,2736.8795686157027,26.815901940939447
060105,3608.175178990539,13.84004932863196
060106,3188.4290632655043,17.66427945731358
060107,2835.9041276443018,11.818348169824523
060108,3213.4069844267956,13.227906836468605
060109,2530.740218388777,24.29628343085794
060110,2759.9606270459863,13.353647162783377
060111,3206.7824787490435,13.520475102843049
060112,2917.5622340989626,23.75096860116894
060201,3147.6901249548023,16.834156570245238
060202,3097.9550042965575,19.566307094404888
060203,2539.495575054969,14.012310372996737
060204,2526.9518691413823,27.06037484901845
060301,2163.153200848755,26.656735724472878
060302,2117.3164418965666,30.70836939950244
060303,2283.943729804241,30.020659442902367
060304,3276.0617759538645,17.533515644459058
060305,2177.559528421865,26.344220938679577
060306,2920.945950299293,14.41172123046094
060307,2983.230233793986,22.7639389168414
060308,2764.8370497755463,25.062354852269607
060309,3461.318516125178,20.007247962811913
060310,3313.0857498072455,16.83544531539545
060311,2005.2330556513948,28.018457348802553
060312,2974.836613962989,17.973220080789996
060401,2903.496663597593,12.055021597081764
060402,2253.562816151331,28.40012361532449
060403,2501.8055500564046,28.176680264793852
060404,2723.5704998975757,17.435538160520228
060405,1673.8651763212265,29.226640273472857
060406,1912.621150953812,31.097062209194874
060407,2218.237466386267,18.7544692108529
060408,2806.841144317356,17.072185785368184
060409,2206.3948260023317,19.21673509085211
060410,2725.7491516006417,15.000660985564302
060411,1616.847357735613,23.144557165449424
060412,2307.1019627601772,24.243077360420244
060413,2847.863102561392,22.232858150698473
060414,1337.4048568031158,25.492713314768896
060415,2547.892813474386,23.906733952935117
060416,1716.8562627460494,22.3800429175654
060417,2546.4275099472825,24.677403500871154
060418,1194.454062193613,19.001925527455423
060419,2889.4448130548703,17.964021863957825
060501,2590.911477689383,24.62619163215561
060502,1669.0756853421724,25.476355321519264
060503,1906.008254421146,25.172438067151358
060504,2826.72354177818,29.149686936981514
060505,1190.18616006736,21.214548547268315
060506,2624.221907353556,24.587579478593884
060507,2123.850434209941,27.662373448752724
060508,886.4234778115404,21.763601899740873
060601,2444.3536130785224,19.16657223551034
060602,1692.7429497404944,24.023135059165387
060603,1044.5314653595003,19.077367246601995
060604,1196.2599987066278,25.058896800132057
060605,1970.189240804711,24.34541231425
060606,1627.0905955515723,22.333514418769266
060607,2107.6255757990775,25.33704021126015
060608,2404.3373660840602,21.208317333522952
060609,1646.7206158152003,26.0174574994682
060610,1948.481487662973,28.263565942323307
060611,1539.8263455823728,23.376609316255614
060612,2190.666992330767,24.155881204497216
060613,1636.6509067882005,23.215421946628357
060614,2414.149926828452,21.13287289925093
060615,1072.200718261033,21.34121104978315
060701,3101.536230902198,16.505425621969387
060702,3275.181305912191,17.139710088858024
060703,3530.199493181312,16.788508459366394
060801,1472.9252406843266,21.986690425458217
060802,724.722926280017,13.39295152429239
060803,2399.401256060323,25.35039558317137
060804,1695.4841829996317,25.098671335191323
060805,1654.806281968748,22.70739241544856
060806,1365.2589359827562,23.537752979851533
060807,2037.2438196879596,27.603471907984726
060808,1611.2305600692941,23.705560738338164
060809,2414.3556674016736,26.316666790333567
060810,2137.373338975756,24.72165673662313
060811,1775.4483286177567,25.810267803344704
060812,1061.9820978321068,18.484728452212714
060901,1298.2380074529042,21.72255876070038
060902,1191.7203032345153,19.81043488805829
060903,1432.7934069157282,20.300098398447563
060904,1469.7152636058338,23.041584154980157
060905,1986.9333099854377,25.651577685294736
060906,1617.1947325711662,21.14517855041556
060907,2245.054731859652,27.171491455900824
061001,2800.406812551087,18.753851828297147
061002,2692.565298087152,16.791338470124696
061003,2227.6748449458914,15.006388874040786
061004,3398.6204530957966,17.993163248997533
061005,2552.7629971225347,24.062676079946435
061006,2757.168866126861,27.667114177283292
061007,2654.826549884151,26.472048217381563
061101,2226.247774269317,22.309842981781557
061102,1515.1200301591014,25.139709834120858
061103,3191.510332888909,16.886890919082944
061104,3474.3221246028784,14.211374078056833
061105,2665.846811380057,20.538270406864143
061106,1106.4710563850726,21.155894133434252
061107,3463.819455471487,14.47233550298816
061108,695.1262943738819,16.976365467696848
061109,2296.209167997764,20.168015932446767
061110,1077.1367542595422,19.826275789401976
061111,3339.0465130517123,14.702069301420673
061112,3110.6434485680156,17.09635902603471
061113,1762.3455648178913,24.407815510067486
061201,2778.414071212778,19.768986968113133
061202,1817.9094260142306,26.20088380462489
061203,1461.470682873076,26.316031038216174
061204,3385.9191248152615,14.795802700622279
061301,1901.1918812882825,18.401509609769484
061302,2330.971357082288,15.773022640157812
061303,2166.0893596108654,22.068171598862758
061304,2020.1713812028406,18.700193550799955
061305,2094.223786950206,17.3131708511048
061306,2760.897019131867,20.085886673249124
061307,2648.0329825118474,21.44843512822252
061308,2105.6732907693504,19.66868816413692
061309,1907.8132037601108,21.34511602981164
061310,2313.9987323485825,21.419914037867844
061311,2490.7305511256477,19.139413233552425
070101,19.405128995229184,2.8409456132562125
070102,36.72379806663068,2.3106402404028703
070103,60.075997134237774,2.3515463344878316
070104,24.88053317594523,2.908015140049525
070105,3.1187949664045345,1.6805718065812487
070106,141.21677223269043,10.629948310409366
070107,159.60005027652082,10.814488807729715
080101,3864.709812606276,16.71050993385793
080102,3949.6450279570995,17.156288758844262
080103,3767.139079224224,17.867325616982175
080104,3721.812526764505,17.95644446904641
080105,3578.8939936628467,16.877527403852707
080106,3777.2862601090083,17.310472421909772
080107,3613.3694268043478,20.55036269162622
080108,3309.3592289989756,3.263987192223452
080201,3989.690098778331,20.943138098440198
080202,3829.10358668445,13.339021550026889
080203,3685.3622364514686,24.913996834726248
080204,3871.5091002165923,12.624108015191382
080205,4018.9549882728256,19.155244637535894
080206,3838.6486127520275,24.102585062585653
080207,4013.994900351219,15.922695929210407
080301,3634.329832748804,12.68794429834146
080302,3853.8464527467813,16.85676810800746
080303,3696.2326193876943,13.316172251381959
080304,3553.2798380111412,21.567481297656798
080305,4071.6215354785013,23.207697908664194
080306,3586.857241305761,27.88655321207563
080307,3378.5625603595845,30.03079414269164
080308,3643.294644197631,16.343947423323094
080309,3569.1153892251273,12.078786827067105
080401,4100.647467432731,27.146082498570678
080402,3725.697890405407,22.18351535145351
080403,3950.9077856938115,24.175162878543343
080404,3985.8359196673905,25.7231655170072
080405,3913.6451405348785,20.16957375721663
080406,3748.7507201846015,27.731822564212415
080407,3818.603106472798,21.51436668667608
080408,2880.415036584915,30.056567497059774
080501,4082.06277613857,13.581026671066148
080502,4150.752544679806,12.969893956790601
080503,4172.059802730186,11.379065647709002
080504,4187.376247008883,16.1953217041798
080505,4422.925644539937,14.267563481544157
080506,3868.6853338992214,16.059879629982337
080507,4117.15531048705,14.703049482037022
080508,3908.055226511654,14.563330130940093
080601,4283.148463610179,15.604046635988066
080602,4702.054967535092,15.259664795825437
080603,4168.855309729191,23.28223606914392
080604,4490.8228816254905,19.840230615282433
080605,4815.83788180224,17.708097876436323
080606,4488.019724355067,18.3847297787265
080607,3876.6734026891054,15.248564612305032
080608,3768.0009899608376,16.257798280139166
080701,4458.867656873461,15.768708354080093
080702,3940.6027741881867,19.40823356621991
080703,3999.5052857134456,14.332622957635774
080704,3863.5665146505366,16.659571411853523
080705,4197.730815822824,15.053924058221142
080706,4229.326711267139,14.545783824378331
080707,4018.317091821559,16.39813704946144
080708,4160.011638687993,13.986900977843586
080801,4158.869408315711,9.195452690356403
080802,4773.877470840485,10.141965457703584
080803,4277.01336097343,10.515890271462258
080804,4343.821848598895,10.719711631907682
080805,4219.252456866659,8.422846881614902
080806,4019.688604209548,8.617845087880346
080807,4432.183438957465,12.805218995555903
080808,4147.228320784695,8.199101381549761
080901,2181.3992004079587,28.256316185896747
080902,1701.5228580706007,23.38492590280686
080903,3030.777188408046,30.466293997813697
080904,2082.2224612117893,28.185342964406164
080905,2958.0870839181816,29.581217109245976
080906,1872.138617873203,27.194394375934277
080907,2174.968332679971,25.806779990571798
080908,3596.7396980449244,32.541812729018055
080909,3033.495584828552,29.898243549906486
080910,1757.9698312242065,22.775515490461192
080911,2844.7789951670397,32.61767432133437
080912,2442.333527635523,31.134475246665794
080913,1545.0267177821518,24.972112944525684
080914,578.1077771857374,12.046608256416278
080915,2104.843143437627,24.29742923567093
080916,1634.8601857284555,26.243913902863774
080917,1795.004011325073,26.611221377957552
080918,1621.7552282791864,20.822778580385396
081001,3741.5896798631675,20.337513226635142
081002,3766.8830106131636,24.243113751843783
081003,3568.6265424591274,26.78879296153433
081004,3503.982451401096,26.041110033108648
081005,3596.6408719384835,24.017392995075557
081006,4056.8628925071325,21.05610942773587
081007,3465.4274323430473,24.240748749467798
081008,3694.429388622911,26.205313662210063
081009,3788.858813868773,19.440327704307677
081101,3403.3095658427605,26.63202343313268
081102,3900.034356266754,22.752514254865854
081103,3623.685925810287,25.433722825523166
081104,3853.0722456991307,18.328419059630335
081105,3831.4321229651523,18.18766332804683
081106,2031.2522866863744,24.666844874489477
081201,3719.776535651457,21.609155766238665
081202,3556.7792881166865,22.474819714915483
081203,1833.1522412523148,24.00560810587208
081204,4279.612092113727,22.451394850239947
081205,3892.4408061438357,17.232781521101654
081206,4277.817060107736,23.28509681592576
081207,4138.188227920491,20.775813273377306
081208,3729.8315943583634,21.70533584870798
081209,4208.074917050856,26.643723750127073
081210,4486.861242879886,16.840200579581136
081211,3671.2017133712893,20.40919660293905
081212,4017.0573567153733,22.32665246789169
081301,3943.7404158980617,28.287234606060697
081302,3843.309411515832,12.964736818178933
081303,3536.9956371469543,24.66244289685708
081304,3458.497233411829,35.36945723168035
081305,3444.5860254570216,12.617687119302035
081306,4052.681617288754,29.43551824296445
081307,3610.937720070389,26.18892297255199
090101,4444.875719164082,16.727212915363758
090102,4520.447860223301,16.935922060649034
090103,3859.7246439153005,21.49876954677995
090104,4038.8983267797603,22.014571299381476
090105,3894.5894410615215,20.93833811919319
090106,4559.419674477857,20.953797265196595
090107,3834.1939562870184,21.12042270973985
090108,3352.0449828241653,25.878009453748003
090109,4338.422551498609,17.19492785908298
090110,4261.614726352285,18.91579579311899
090111,3230.651786549995,31.97804607432098
090112,4049.4223999898713,21.060297903378036
090113,4524.154881714288,16.81841597480509
090114,4141.484111543572,19.087228730306904
090115,3766.6074371032573,17.963264891246325
090116,4230.6951435695,19.531005191712453
090117,4079.495355737358,13.156840243478007
090118,4612.681175882676,15.792221355734805
090119,4079.8308105632195,18.254067020415114
090201,3439.0313805432374,20.025858731006604
090202,3433.6443126743334,26.139168667631978
090203,3661.6146614551303,19.888812132318396
090204,3235.1465691316134,21.44606397566362
090205,2887.876473421754,20.997792000593098
090206,4041.8676220194607,14.937822717611006
090207,3294.780853043886,18.86375009773412
090208,3645.0874106669326,21.039362040108045
090301,4278.373705049935,17.90701457146264
090302,3728.2580496498144,16.397435564192232
090303,3525.5032753884548,24.1776510835943
090304,4143.740890237243,19.641603274860504
090305,2721.073524354895,20.024757848972346
090306,3688.3130780423962,19.912916488546582
090307,3934.5257054913222,20.695601450137502
090308,3867.0921914416294,22.526429849531883
090309,3211.428730236614,21.57810031928851
090310,3336.6227335511467,19.781380228919414
090311,3940.6550164209884,17.588261368569977
090312,4089.6610891770333,18.89644361176058
090401,4450.558262744853,17.0109100224422
090402,4040.286199975994,21.51919912185086
090403,4451.938295349871,17.519439392452004
090404,2869.4190156123827,26.69810893127901
090405,4444.7833554095205,15.575413357692996
090406,3812.5029579078114,26.02811855061399
090407,3940.2085936234143,21.48919807919877
090408,3506.025296286591,27.86923431690084
090409,3529.7279109543856,25.55162265394142
090410,2589.407809319168,30.231958718222568
090411,4717.034620722425,12.342672207571857
090412,3412.8050862789705,23.214316232237984
090413,3120.9191619766284,29.346397597648696
090501,3343.606841767821,25.939963012032912
090502,3610.7988211737115,27.666415274723096
090503,3291.246925462119,32.84712619837555
090504,3478.0119499380253,26.04236243674669
090505,2781.8390406164767,25.53979714520493
090506,3613.6351575775952,19.593602064015364
090507,3843.7523597789377,22.339152991539255
090508,2699.5470938936805,20.881142194651446
090509,3292.7220515397107,31.335070295434523
090510,3352.8661715603575,33.2989786442138
090511,3672.447234058766,27.965033398476326
090601,3174.570237344024,23.09961093787792
090602,3210.4761703458003,23.462467660239852
090603,3423.736505583993,17.19186799126725
090604,3411.190849239152,21.383958417394187
090605,3777.5958333200483,17.726341526329076
090606,2880.147317398289,23.558530419731134
090607,4413.582982244916,14.253142309538356
090608,4014.836654486306,17.22233051161428
090609,3249.2069431980544,23.229741395220415
090610,4109.0201697838165,19.89537032576066
090611,3794.8026396916407,18.75648211673266
090612,3312.3667883413573,18.286735770835428
090613,3285.8193492701216,20.531393728782128
090614,3657.492892002438,18.641955726859067
090615,3960.4735695488844,17.2681601671467
090616,4171.27987130288,15.899813059227194
090701,3639.738972832917,25.882912564408375
090702,3788.661412189516,20.899885876120887
090703,3902.641259205972,18.92046838489007
090704,3716.9536579706623,23.87576600989339
090705,3159.789208716609,29.335357216256096
090706,3359.4452321535773,27.69740109286166
090707,2205.9235440125312,33.591379736202185
090709,3433.6738681647184,27.567966515417066
090710,3866.4181014143696,17.97520359584464
090711,3969.5964162727028,20.490351957278325
090713,2550.49009238275,31.860846377613328
090714,3182.995322061853,31.201911171452398
090715,2563.1089049698953,32.152566299487226
090716,3927.2903905793955,26.967567713803376
090717,2905.356274062243,31.134121860498695
090718,2520.89344969642,32.2775847237262
090719,3639.394264630317,29.03085652503711
090720,3036.597647020816,34.38537763878436
090721,3075.8501947391874,31.3572501431878
090722,3855.1381366102223,30.055874463043388
090723,3520.36399570851,27.745096982123272
090724,2481.390698731178,25.805907758990063
090725,3400.2488140963246,29.34905927033407
100101,2603.0265219038,24.95515059176574
100102,2818.8615023477814,22.50871590171853
100103,2392.720659061828,27.666646095204992
100104,3383.822369411935,25.743236369873863
100105,3916.6848332296627,18.950306640308963
100106,3422.8755278789713,26.026070981765763
100107,3134.821075608489,29.054713023382934
100108,3896.848958185134,23.95612300514714
100109,3335.474810950302,25.215842240300333
100110,3417.113374428991,26.611652315264383
100111,2853.064833872356,22.89716808731955
100112,3907.1469898211,19.79470937798395
100113,2383.391903127236,26.60730797321904
100201,3340.9094070765886,25.93115579564715
100202,3696.4921201028205,26.403370605960237
100203,3780.1691580845427,24.7686216311778
100204,3108.3251256111616,24.47368748135516
100205,3078.1767926861617,26.866958831516623
100206,3577.6378578587323,27.82901631940128
100207,3757.100858879263,24.765595817039568
100208,2994.596698695521,23.97464131601702
100301,3856.6421628644794,15.117774737906428
100307,4050.5988296122086,23.704293736649962
100311,3716.5070625631347,26.262547268464477
100313,3920.2779531424853,18.857149735563276
100316,3911.3562751203453,22.52998248615576
100317,3798.4391371080137,21.586533422520162
100321,3622.9115741022333,23.49015987526838
100322,3711.7691582515367,19.11028707686607
100323,3467.668440309489,18.484142192458776
100401,3532.514366356354,26.07999829355857
100402,3541.865119213719,26.850946878961317
100403,2618.2489429142,28.620489867164082
100404,3623.460733386852,26.294658541425775
100501,4070.8445128366816,18.537166960105537
100502,3302.2820938276395,27.07279847212143
100503,3680.2369345258344,22.96632834762999
100504,4084.0399460791377,22.917955079737677
100505,2962.0784333015404,26.002602459314392
100506,3963.4380355715366,19.43996144334556
100507,2214.703895918316,26.81685221788346
100508,3798.1505779581667,21.873001071607355
100509,3982.353147417873,20.647134696488152
100510,3970.144313939705,22.134394644593613
100511,3936.0959217234786,21.812648681277526
100601,855.6112722189612,16.259007499386296
100602,1570.742976549399,21.222638388692545
100603,1294.5109221663638,18.87843585831722
100604,1286.3699207234943,17.99287833298129
100605,737.014899039343,13.347660993831624
100606,1408.7647025852143,24.914824021597617
100607,1336.8595777467513,15.414416060775764
100608,741.5878592219514,14.916061166999567
100609,1005.9169305410152,14.391706563137262
100610,1194.559874215533,15.666877114649484
100701,3492.815347315647,27.237009563964772
100702,2647.9663160071195,24.926847876295824
100703,3511.2065704890556,27.877116987624873
100704,1313.7502501745785,19.293900328118816
100705,2180.480142114407,23.830595502943673
100801,3341.476652688908,24.794077443354514
100802,2218.672368902998,27.848648137608055
100803,3470.5462138995695,25.239432739942522
100804,2747.3142757372634,24.626825780386437
100901,407.8431350562117,10.183278809290362
100902,855.5187107242865,15.035962197041902
100903,184.4552400627616,4.283403672141798
100904,280.8666087651809,8.210598164621342
100905,332.41763429138314,8.17009626735401
101001,4250.841079562957,20.50827785090416
101002,4183.572172003162,18.817668643856578
101003,3796.198905918346,18.024034457144083
101004,4453.000234707239,23.01778274048044
101005,3904.0410701341552,17.79036270257406
101006,3803.6336261679876,21.650889361661356
101007,4239.8317438094655,18.132575013552863
101101,4003.512370080076,22.268861464739327
101102,3772.3599753011363,20.563717324277768
101103,3685.2770594559775,20.118835678457025
101104,4030.148430703014,23.440489759425645
101105,3897.126166839363,20.61586509892756
101106,3794.3537420835423,18.161153759726474
101107,3831.01386562582,18.852689427272008
101108,3892.7319520500773,20.56308830745741
110101,548.7847107109275,6.002334581182302
110102,608.285818558669,7.648155665335416
110103,716.9527186954671,12.616393394420971
110104,486.7124421180889,6.194958761679522
110105,433.38816408528965,2.831717722648043
110106,440.9853321648243,4.935079920116665
110107,448.87886443717656,5.789664699027141
110108,476.85382236706135,6.892447323783251
110109,1274.3751044270612,22.02562122350467
110110,457.3957475001866,4.566748279887277
110111,582.6809168045241,8.100068297377799
110112,513.6782506462916,5.3091485991609595
110113,401.7342073280549,2.0314611367939404
110114,1680.9826434710014,19.151936799479284
110201,773.9286924126742,17.896743974160692
110202,895.7741331879813,22.992477857005376
110203,2684.4128823689184,23.36828795862291
110204,42.1370726268432,2.0245895546619477
110205,1136.269032645709,18.51934518112551
110206,223.07205701344213,6.698943810421313
110207,805.0854161517327,17.143366194265305
110208,2838.9660431385278,25.18956360464488
110209,3981.7365932125663,18.10514678541393
110210,63.66959880959198,2.854573363973953
110211,8.47857174887674,1.8768617090215869
110301,726.6768806074065,9.765784150128487
110302,434.92116150645,8.110604989240818
110303,961.014773476837,16.682824262398764
110304,755.4623134585304,8.210056280755175
110305,1114.449667831099,16.593919107738554
110401,814.1956922666473,20.056490565489216
110402,598.4580342340741,11.84089212441675
110403,1207.317277598835,24.289323225007575
110404,802.373532562595,14.830993420716979
110405,2281.820047735165,22.232372274052427
110501,27.981545636289656,2.2416769312092555
110502,2203.9418748990824,27.202174716147454
110503,1029.5833455950176,15.698593471867166
110504,322.6155098808879,5.644793573929674
110505,251.20434948604753,6.144514215520758
110506,166.87130536230498,6.1349195449811535
110507,74.43064506307097,2.959784198096821
110508,140.003799021807,6.761310395513022
120101,4309.032548284279,19.76767378610123
120104,3745.3052942768145,20.1248579967176
120105,4014.070252630632,11.615402766434611
120106,3853.4633153253376,15.088324429790825
120107,3591.536725918594,13.121830031223668
120108,4481.636214844685,14.235959110352693
120111,3869.5141651288095,21.976813366459293
120112,3743.3978210790756,19.24992723142754
120113,3818.6666132160726,17.14719632805711
120114,4071.658895803585,13.990631863236986
120116,3395.745441436974,13.660868412767686
120117,3450.979464140559,12.72585114531216
120119,3229.0826146526847,3.538191360440109
120120,3819.814713799017,11.401340625171775
120121,3230.9122021982453,6.467753103400261
120122,4094.3131334512714,15.851313105890144
120124,3622.4815806773904,30.25853505754292
120125,3213.576396081398,3.1638810955599377
120126,3965.692695281011,16.10370861747504
120127,4134.448533203119,14.52110697080294
120128,4363.488836610173,17.221225118645492
120129,3485.334799081543,10.53065466021515
120130,3367.1845841173244,9.793273928732575
120132,3537.8273483903436,11.948655803208847
120133,3843.7854947444384,15.018175918225907
120134,3266.155783461064,3.2867326550571954
120135,3046.03069615024,33.428924201836864
120136,3200.280459437934,4.535495932460772
120201,3329.690670119067,6.921227371748122
120202,3785.6858819338736,11.3153612660529
120203,3813.930580186368,29.898833727444476
120204,3829.4010262323204,16.7660822745248
120205,3686.2863790080596,28.72810438252026
120206,4141.240180918347,25.85594180013739
120207,3940.8640818563454,15.618931080676912
120208,3599.4271153368227,12.33650796178166
120209,3025.8130479926594,33.12003519633038
120210,3295.4517874993358,3.7127071293333267
120211,3356.7871924613332,7.950694142981462
120212,3337.007596847575,3.694331155021387
120213,3384.3334953677017,7.522017793467528
120214,4138.27942976321,12.713586628007143
120215,3485.5763122640706,14.391777156066494
120301,2044.707427000771,26.48839391017778
120302,1477.9992836456095,22.06978287199204
120303,1374.228974708823,21.889679401156865
120304,1398.6885358312925,20.549408163747618
120305,2333.8695911943787,27.335545456511202
120306,2647.036960936498,26.210116116980014
120401,3385.7023745640417,4.0308060756853745
120402,3790.5603825608828,12.43731472627817
120403,4096.74821776669,20.352392838192824
120404,3386.8692816156076,9.378348403151824
120405,4391.680184800048,13.921549681059773
120406,3998.719086178925,20.823977435843773
120407,3458.957248609891,11.471889127060805
120408,3651.6314682194834,12.866652415464541
120409,3556.2794263698956,12.952549081609922
120410,3407.3231436495844,7.415177238337178
120411,3940.275469879955,13.78938740790902
120412,3654.077174018482,16.29325376387157
120413,3659.009764130964,12.36784045584791
120414,4015.2354583071055,15.932214408653326
120415,3602.6010603240934,11.555630992960335
120416,3608.9369821094656,10.850500321531982
120417,3968.230506548627,14.441326056125858
120418,3929.810254024503,25.659104431547405
120419,3001.3604474919857,29.64739524799467
120420,3509.66668292013,10.143630058219012
120421,3656.4153597338577,9.790453578189528
120422,3691.5242674077167,14.67816175456876
120423,4046.8883948620087,14.126524312491497
120424,3401.308095544595,7.367358177793307
120425,3768.585128992465,15.674641501410276
120426,4153.427130748436,10.910882391799486
120427,4257.794576781288,23.526166755221084
120428,3431.275110362717,5.5719344331096226
120429,3466.4777663683185,11.744175809838007
120430,3387.4095614755415,5.071178512759844
120431,3927.3022915389583,11.459234014369331
120432,3713.95760566026,10.649446122542006
120433,3933.401209574455,20.37382944163935
120434,3515.2229116633357,9.861392366409444
120501,4298.572217987577,10.368146619013183
120502,4299.192900867299,10.564509936223619
120503,4224.009020130288,10.26516750967022
120504,3493.5928120776234,26.55533395863733
120601,1108.2523769611073,21.478880411559633
120602,1052.5563716429717,21.290300525571485
120603,2145.5607248677043,24.35043896698044
120604,932.3540817844346,17.80523662017865
120605,2830.4153879975875,28.907747998270377
120606,1563.3294625938772,22.630264305927497
120607,981.5905099533406,21.23087140995443
120608,1278.9355471209974,15.834900759547109
120609,1355.480994963392,26.340968265717624
120701,3993.8955642305873,18.185500553029463
120702,3525.1801187337464,24.411377006716474
120703,4021.2923417443717,17.417624920595824
120704,3545.140382811252,26.76275445938197
120705,4059.489092258052,16.117346672943164
120706,3579.2039596598634,26.86878415967277
120707,4006.245629163668,20.973729861386307
120708,4072.8631091165307,20.868198203399526
120709,3879.1156436866654,26.160971826852023
120801,4165.377708532281,17.817491953687362
120802,4213.184255379947,15.538996872444121
120803,4546.1208816451535,17.70949666815461
120804,4499.552218673198,13.95492599038613
120805,4619.022391686481,16.037800717460506
120806,4240.87200277515,17.184960609615295
120807,4498.343382415802,12.756342942731253
120808,4262.088514581107,15.787592501397482
120809,4692.590350606684,15.955850989836055
120810,4651.025267678311,19.02089742852582
120901,3253.970244002937,3.4653585244852207
120902,3859.8188656382404,14.744671089579873
120903,3994.250023355733,12.271090370056632
120904,3388.190937626812,7.803840488388336
120905,3207.2616631125434,3.614347459363686
120906,3714.539098259718,11.877300395594306
120907,4163.098831093735,17.600195798534088
120908,3185.05653091827,3.3449112985411347
120909,4349.584842354782,11.94941195739783
130101,38.13580666874469,2.361083453926906
130102,266.5000773566139,12.125378854423541
130103,107.44240791281364,3.3857244007534537
130104,401.68051109214923,11.77337973206412
130105,119.82454598368801,5.15081782477967
130106,765.2908719296488,18.315777698152136
130107,39.43790574314433,4.060201899861205
130108,1133.9182380213401,23.79142557943651
130109,301.54803008480417,13.228122802395552
130110,1367.330676829197,25.01416582637373
130111,10.019283219262554,1.9122560793148404
130201,515.7556652260329,14.815849736580654
130202,645.1775839708324,15.565734399480677
130203,105.06577760389547,2.8896127108008183
130204,34.96185095858144,2.075017850913679
130205,98.84964483548481,4.625457945545264
130206,69.71973082727172,4.544212877331518
130207,49.25435636134671,3.1287245289378975
130208,610.8292749215731,14.160874575673878
130301,2952.7716904046624,30.693862855499074
130302,2641.4653846013434,29.14877806393313
130303,3181.4091318367246,29.44291062195132
130304,2145.1059227976248,30.05160908331004
130305,3359.6269775787314,26.46918442444642
130306,2372.837594046553,31.953856153276618
130401,376.97955157101666,13.27712472093262
130402,249.65260233308354,8.509203591765752
130403,59.029744549696176,5.244559562193443
130501,3301.9713934672363,18.094547263427
130502,3545.7275568478963,17.24657160762477
130503,3197.7089981326667,18.15758783970465
130504,3059.3580593344755,20.695188586579903
130601,2943.5151096174545,23.624355409182403
130602,3378.388825125568,16.00179862592089
130604,2440.024584726192,25.695429400584565
130605,2663.2172305950817,24.63537993997063
130606,2862.2639216123835,29.08782833696191
130608,3333.0641854919295,17.21822336033753
130610,3119.180322980743,27.785354557435877
130611,2799.44367491853,23.614521956190213
130613,2336.767725191147,25.00261246922051
130614,2974.656015863026,22.35046049052232
130701,231.43161470795485,7.957680773768266
130702,106.61983552059496,5.2438012399814
130703,40.35610276431728,3.292034059682776
130704,34.33556012633434,3.6232255647386133
130705,307.30647044694996,10.229837015011974
130801,3725.3289298367226,23.145413783233394
130802,3681.939935671331,27.221351671150323
130803,3084.0778952581454,25.93973745565261
130804,3441.5750898488445,27.860637964098878
130805,3528.4730759071076,29.13975375321518
130806,2759.6628518754114,28.64155149003118
130807,2982.3536603728467,29.533493729018378
130808,3181.402545188987,27.660738594512818
130809,2871.953023559725,30.35015514319214
130810,3346.2437949503524,29.39419808151202
130811,2836.2318750101917,26.208253120037888
130812,2766.5877676707596,25.247747083054485
130813,3099.3383988780465,23.207476450924194
130901,3357.229284951624,17.464285910518328
130902,3333.833435931732,21.10954020960055
130903,2589.620165416904,28.45373721708178
130904,3261.5811398757746,18.80500543068899
130905,3240.0791551687307,22.927208115939763
130906,3233.2639884409245,19.514239982231913
130907,3652.5248255245465,21.577333496538635
130908,2440.949582926693,26.589430896041666
131001,3151.5860617240514,20.735083594132245
131002,3151.6892394431675,21.912082519169072
131003,3677.4988157035937,16.84183917629657
131004,3420.174231638569,20.046313330415064
131005,3363.3844509192268,19.759481314430367
131006,3789.9071619821293,15.2068243054608
131007,2827.474202799863,23.263591737373865
131008,3611.3603857388507,24.612762293986904
131101,1736.5396736477223,25.626894429746017
131102,1895.0267628057286,24.897380457853764
131103,1821.4016452853355,28.06392232962176
131104,2631.3636125723715,26.27467420944491
131201,621.7615460483507,15.061552906080065
131202,921.6376262731665,17.61976161700156
131203,143.67190094044156,9.42150369901341
140101,31.21121194959459,1.833274129651286
140102,342.7444133729557,10.895246030169126
140103,22.1089007891607,2.29210225606541
140104,22.439776960497777,4.4843024770175095
140105,28.345458248959947,1.7849068812692135
140106,19.911085744146238,1.758343992498006
140107,43.29637647923367,3.169696005626771
140108,14.6674866720178,1.7593056640085243
140109,414.18011248288735,12.776021505823424
140110,710.2487202919185,17.037062085339684
140111,41.845121135598646,1.9349072728947327
140112,15.46756425152468,2.042645530827399
140113,82.9112870971108,6.258373347136506
140114,5.816354531963755,1.903667936010799
140115,123.68491830042642,6.262202441917119
140116,185.87022081792284,8.814349210744032
140117,257.6436446066135,10.636825509352915
140118,48.67768334021847,2.6615412144479476
140119,298.63504572338576,10.56251164890093
140120,80.47264959357332,3.795784887392599
140201,40.81490888422452,1.8439234243340497
140202,2743.7394804437145,23.170684078658237
140203,2588.4478706842324,20.957030666822423
140204,191.4490171783487,8.871853262371639
140205,298.3174621197376,10.66626840810138
140206,29.49781538831281,1.8311112889512626
140301,15.67053385423397,2.28833144452086
140302,592.7009903554829,18.05585009688485
140303,51.37406591403807,2.211122909841142
140304,130.42064183288096,5.325226403609479
140305,32.70034252110165,2.0132625130120996
140306,7.159539137503586,2.325265878519471
140307,237.9128842609882,8.730524572704594
140308,110.83032755764032,4.668135833709399
140309,49.63387057379616,2.373223536787254
140310,1352.500094669884,21.665191410357284
140311,10.397934073087422,1.983137981110841
140312,44.0887426767007,2.272631826494992
150101,128.69336159065105,2.8385423242667924
150102,625.1760742980083,16.096468597013423
150103,578.9714130352322,15.318092200056578
150104,60.982364185081785,3.91807824216376
150105,120.03566864194818,2.231454442772481
150106,801.273055774665,17.958951391168902
150107,1058.66239936295,23.379956472230607
150108,40.50789935827147,5.6836891059489
150109,858.9759810550701,22.752655094620362
150110,278.6203005158244,12.323504304452003
150111,244.82978418383868,8.334908009841996
150112,219.87049733868844,15.278810903616963
150113,106.5779384761589,2.6663714447523845
150114,393.7581667880334,13.439557535712915
150115,155.89959745816535,3.016730988033817
150116,116.13926308968863,2.583321746059751
150117,76.78814010000097,3.779370790004634
150118,977.9575200089646,21.468936055696037
150119,460.92096540463365,13.572624886560622
150120,60.08177821085437,3.939443374135604
150121,85.8100767334393,2.145451970880252
150122,78.2042706108923,4.055648865525912
150123,605.3161478060067,18.37603733137179
150124,86.69300956393705,11.317806615108836
150125,217.63367095265102,9.251740846854752
150126,553.5030716290569,15.77601529821881
150127,580.0246069725742,17.612945278208503
150128,191.8648747418798,10.569064281345973
150129,312.3526513854651,13.413028628745828
150130,160.06949080362907,2.5560902629039592
150131,107.66468892883245,3.482747317688314
150132,635.3168128143138,16.785836347777618
150133,160.11974611442918,7.262047432197108
150134,189.0788103857137,2.3279193619960012
150135,63.51818168979383,3.296125523037579
150136,50.39964579762767,3.0061619419483048
150137,272.74433265140544,4.063002858225586
150138,94.29002729675992,10.478856319716755
150139,135.12642610603805,12.439644999535995
150140,142.41982149822442,5.200610997710189
150141,117.72107166202633,2.3727405125917698
150142,107.82552348547395,4.753752400890515
150143,344.7142230392892,15.854131724751628
150201,293.4550006818357,8.804679473615456
150202,541.6024397373162,17.053069327588886
150203,418.90784901289453,11.483189560913537
150204,532.3899104880558,14.975859114012176
150205,84.73203278902332,5.498075928406344
150301,4387.178439634384,24.09612542917547
150302,3961.5758231315526,30.753550292776474
150303,4190.051775354334,21.785763827617206
150304,3096.6971401438495,28.780377181586253
150305,2781.395638997866,33.65913867070751
150401,3873.7266749970076,21.416459038562166
150402,3079.7724096947313,29.086532190746972
150403,2290.352771295662,23.903181669019144
150404,4493.3579249548675,20.92760239752938
150405,3858.0439506402226,23.249732357882603
150406,3751.4150996950893,26.790244342179957
150407,1633.4267192257203,26.314103813566945
150501,354.54329832402146,9.266377138542833
150502,289.9366281739346,10.774395877450262
150503,1443.577816807615,28.12986186002953
150504,177.47415202515856,10.576469288285876
150505,704.8850921446249,19.068153471207804
150506,1208.3021399033437,24.723318603200603
150507,104.23939143031218,2.7690863634109038
150508,1442.5563563035817,26.814264224364482
150509,242.5797032305468,11.501625164161895
150510,886.3931754138844,18.34836277797912
150511,1990.466196487907,28.921035643533592
150512,751.8732866832827,13.24133028247943
150513,69.11025272297044,9.23916733607804
150514,33.15442393201476,2.1556458467033632
150515,367.7656049444441,13.068226144792854
150516,1757.1895639525976,30.474682032554004
150601,665.8753091427083,16.0162292695828
150602,4334.640426444371,23.289132954447485
150603,3430.34229929753,26.60723245862645
150604,839.8264912089127,17.672142039099665
150605,128.701497398833,9.032813155730867
150606,2763.0213350526815,26.771777799811865
150607,2640.3838195835165,29.93202486367884
150608,4293.774063934856,24.71024576228092
150609,3177.700059697256,28.957491184218092
150610,4464.670086074802,24.735630375216523
150611,2397.384264814188,27.46603814464425
150612,3836.5995299387273,28.45302055311736
150701,3843.749649603972,28.50438122875705
150702,1966.165095733018,28.394419300655258
150703,3165.251457818035,29.250629751215996
150704,4570.049265843459,24.91926734007665
150705,4643.420106332516,25.750238677798908
150706,3128.9993620070886,19.510990600088743
150707,3639.661859426621,27.63138597062059
150708,4546.488640904593,22.926251559880814
150709,4233.606956134762,18.08538363920593
150710,3459.0012054563845,22.986614053354188
150711,3563.771724528977,16.887558018117357
150712,4339.85648381901,20.23503534097369
150713,3253.028973254899,20.593369462495225
150714,1611.8037816228534,29.34303870298276
150715,3655.2155666168587,23.168086256206195
150716,2161.618598526648,23.64873022819231
150717,2419.5551310163846,31.7526327809407
150718,4202.359314751345,24.186344591020134
150719,4383.787079785262,22.053247629605032
150720,4448.762480859389,22.140356770210865
150721,4201.981361012562,23.80419360677896
150722,4467.947527472585,26.27821548825424
150723,3268.696754067912,30.580988723178706
150724,3795.309504664904,26.18246224200265
150725,4042.127214250114,21.49636850822408
150726,3090.3106740576545,26.70107789618207
150727,1734.979303572426,27.282696706304094
150728,1929.3449725813275,30.682430815782936
150729,4433.523314257854,20.11333460418988
150730,2761.7242593588658,26.08604838032097
150731,1895.6180557689936,26.024356956162247
150732,3218.5747643183845,32.889661747236445
150801,200.1245438883774,8.516035205962684
150802,2782.8258657817933,25.86310024079518
150803,16.095629302648693,2.6443695886377427
150804,3559.6592765869455,28.02784408665849
150805,43.59712896490669,2.360914519951603
150806,644.2435611454025,15.832879496293096
150807,3745.537065745389,27.156213057130476
150808,3156.5534677616392,28.58761162705168
150809,4473.840403071387,24.50327327753106
150810,324.8554781491378,7.8454600199849525
150811,1194.7999203100062,20.75746772165308
150812,180.0015037715323,5.563396216788846
150901,4448.215558466492,26.522485690828294
150902,3780.102616106188,27.586686203888043
150903,4098.607814356078,25.08010760712353
150904,3427.235415978324,26.80534477748878
150905,3377.5242782845885,28.70608031679977
150906,3839.3208830362364,28.407632611058258
151001,3984.8141188701225,25.555723108077128
151002,4440.334784288389,26.9436235630712
151003,3470.785423760586,25.33417492803757
151004,4312.508292635282,23.51722395756954
151005,3803.3839703716117,17.246498307223415
151006,3647.481675535827,25.779671678849247
151007,4151.229375022148,29.458839895608584
151008,2898.86394578325,28.917660675903
151009,2529.2153666256836,27.622485565454774
151010,2915.881050035185,31.545227476316835
151011,4086.900639342684,26.15070704835712
151012,4167.2178664197445,26.701781856813273
151013,3004.424008737124,28.993497785359885
151014,4439.295602618301,23.954145138726755
151015,3170.5617123389666,22.922611091657778
151016,4534.964055804498,22.740608897123654
151017,4326.259671243443,24.924777070825275
151018,4552.4930489323115,20.820015461381615
151019,4301.6500884777415,21.77414659475538
151020,4155.731754637732,18.174393556023162
151021,4546.410758102459,26.46973954111792
151022,2703.1196976073747,26.541158053277265
151023,3155.56327417471,30.737534871078754
151024,3894.714507532706,24.049511160941215
151025,2506.3548576163,30.32915888736556
151026,4337.772470529712,26.023258075981747
151027,3513.2728173921496,24.47812183582979
151028,4665.027014379761,20.593544018986883
151029,2894.526935292998,25.765843313091523
151030,4498.339054849447,20.29171224821568
151031,4188.258207861626,24.30954760675073
151032,3643.122549775413,23.634095204334173
151033,4468.863939777375,24.730332544593498
160101,107.5094897915547,3.468944311351707
160102,157.8025446500987,5.1011111969706855
160103,123.13153004410472,3.6279789596465215
160104,122.65776213802033,3.6151236477348907
160105,120.55679372435422,3.7993913435134554
160106,138.82327071248827,3.905127136992438
160107,169.7701100920592,4.247381581259464
160108,122.95590821419944,3.638464581765712
160110,186.33587958557914,4.341161298080345
160112,97.36469713935149,3.0244444618889843
160113,134.86778733011303,4.281442171030265
160201,163.56377582329637,4.788154775435961
160202,495.797593612479,11.350923730486345
160205,163.06209515738482,3.6395675593949264
160206,143.60082058329593,2.7335729837039597
160210,179.50669861428383,4.907963805337686
160211,178.91225789649124,5.051622982960053
160301,117.31205226105381,3.2850523558135456
160302,124.54707981315684,2.8229520042962686
160303,174.97494752269472,4.088732571945206
160304,205.33478449766523,4.945394039950504
160305,140.37892069596663,2.5265135890696397
160401,108.41865204231479,3.666336291340652
160402,119.51179448471369,3.6922076326093847
160403,124.76493484278409,3.7979589345212017
160404,107.58483836988499,3.3733039347634812
160501,120.49332589909923,3.6513087214039706
160502,219.32859346979163,6.205726126526044
160503,109.64480667144043,2.5944575129742162
160504,139.5167577847875,3.3764709999950857
160505,157.3915107726972,4.177421222589585
160506,128.98051082179376,3.1205794535976596
160507,134.55727909548708,3.770151822854392
160508,173.05272486741535,4.666786207403643
160509,140.5835069009879,3.588678837210617
160510,128.48126038998646,3.9747915701131054
160511,163.89825673053312,4.843003166191912
160601,340.8038430089189,8.529806621786685
160602,186.78112642057897,6.3323563015330135
160603,176.69105687816779,4.491123779724083
160604,541.471508708057,13.66822829427592
160605,163.87142019724627,4.425117873612495
160606,206.5627382745357,7.504403869416237
160701,493.82240945417334,8.564245349024242
160702,373.8958293844344,7.11448756996328
160703,389.7124204835538,8.94432985953516
160704,226.34383836475098,4.444003306614479
160705,161.6161415455903,2.8816868861223393
160706,218.91863966977843,4.309210831101844
160801,143.31395499972896,3.9252739068989886
160802,172.8055043438413,4.331224544781943
160803,199.1967827289437,4.084386311164849
160804,121.92808105410192,3.9259054209969655
170101,346.4249703890906,6.516933333470598
170102,277.296185139958,4.294518888513863
170103,299.2142235316524,5.464904681486055
170104,275.0388365984494,4.811208636272177
170201,858.6121879909556,13.599854323944985
170202,481.862252108938,8.626619712067377
170203,413.6765276616076,7.080888569454721
170204,482.72201193501854,12.268039875750908
170301,370.40826582823416,7.154591738660678
170302,324.8541928871442,5.190214722794943
170303,327.46424688202296,5.151805949053945
180101,1661.8274250340025,11.978093311332032
180102,4465.991822908536,11.202661837585842
180103,3779.802105012079,22.256414671321643
180104,2063.881220335797,16.773987714381008
180105,4077.9200113031907,19.260659606353247
180106,3559.771990080944,17.59787164051405
180201,3242.165814276953,24.677745633705722
180202,4433.961636658245,14.635927160816733
180203,3840.2876299990203,22.673050728552408
180204,4455.903919407733,15.687618322314277
180205,2125.608502008319,21.160349802951743
180206,4477.873396690484,13.568949693874563
180207,3806.0095629555326,24.971466756026217
180208,3357.7292444438613,19.23213782855335
180209,2926.468928824154,23.232395878883057
180210,4344.008333150157,15.827501869783555
180211,4363.922429425321,18.41268644146187
180301,469.8077441690462,10.138127124218949
180302,909.4362139123825,11.691655302669018
180303,595.8744728131934,15.839681047950984
190101,4370.866734377153,9.163414114610742
190102,3656.544316570366,27.27207516745425
190103,3769.746061498673,25.492927906133037
190104,4471.98400107764,10.159595113817902
190105,4237.3171028966235,13.09848596764512
190106,3786.013946745146,25.908388473031454
190107,3509.713810706721,26.350225551511
190108,4032.6530607149325,23.599539726223533
190109,4363.797966984343,8.155684510770476
190110,4167.447926270683,23.2877740532889
190111,4310.272785837052,9.952391219899036
190112,4115.311902893188,2.813325480690837
190113,4154.708924537464,20.465249143221726
190201,4285.202294182333,17.483243426274157
190202,3867.1154606913765,19.64485715403678
190203,4117.228478467066,13.361118660750442
190204,3460.8205052311455,27.166612313754495
190205,4111.0380011565185,19.870523873174992
190206,4041.4170256172642,20.732659030523312
190207,3530.203307689437,25.932941721710005
190208,4065.260090763815,20.775099822647704
190301,2106.581918350543,24.4609284288957
190302,2354.3005015709955,23.866054831424254
190303,2702.246248961623,22.82896383575397
190304,825.418025329341,17.86861026087222
190305,1836.5298911320133,29.145584649974214
190306,921.4169721266918,15.478747574065125
190307,1439.6352433625525,21.901723033562412
190308,607.7805238369594,12.785794819128547
200101,55.441130688195464,2.994118647540015
200104,127.08026200083609,2.5684794223154666
200105,159.5145869275382,2.755322259691758
200107,55.749889470100115,3.8951821968582276
200108,30.724536179691206,3.348971352213442
200109,32.179480189042486,2.4751727416075253
200110,63.39067470842312,2.630095246138172
200111,372.5434658835471,9.353287186667727
200114,167.99398787289556,4.908910986246423
200115,48.50431169009338,2.7309997964514894
200201,2052.173523021767,23.65784172819463
200202,1818.049824087158,20.841933205972058
200203,1245.5321434281889,23.91378724798929
200204,2149.001015992515,25.89953785856038
200205,1440.427810964981,23.733571131436207
200206,2323.66858769464,25.002368764254378
200207,900.4646432429959,18.392161362091844
200208,1671.2114218250956,22.437235892136286
200209,1467.7581141425144,22.92633739449096
200210,526.0551031131198,12.788487261252111
200301,2804.2194826756463,18.72556811844988
200302,1554.9260322690077,24.28098416465037
200303,2731.30365091418,26.79200007115806
200304,1599.8617353083066,24.81504370946042
200305,1640.8576389623736,23.91260334010032
200306,1561.9248363303323,22.541439686080714
200307,2393.443004898471,27.636110225121424
200308,2399.727598361232,22.243765747071443
200401,203.44440809375476,5.714483704468285
200402,324.85732752272804,13.945911294883995
200403,2028.218104326431,24.289113913152413
200404,185.11212408888798,4.300879917481014
200405,234.07787748133816,10.801422732433345
200406,513.969505473905,19.072144666804128
200407,500.47047365481274,16.45486759372279
200408,985.8126187226143,23.640284872530557
200409,1469.5334074254752,23.85795860492378
200410,1412.1790301012409,24.94146404960888
200501,94.6809298130711,3.828658149793434
200502,74.39264902302425,7.381650943864067
200503,72.34437251773446,5.7535783767099815
200504,22.007545126611806,3.149579061184597
200505,82.78520393722839,3.330306249969435
200506,63.309775779879864,5.583931146932383
200507,30.574919171880524,4.344379429571433
200601,108.82895815087046,3.412182886036349
200602,61.20645462932427,2.2587524089438156
200603,64.77905496278012,4.638410384651625
200604,348.1685983884787,9.209497872647814
200605,368.86815675269963,9.416011127464296
200606,74.62881818217515,2.669510748493231
200607,113.12370314135838,4.082595598887657
200608,64.3362948565195,3.9519344342913576
200701,292.66443836958814,9.9373430524609
200702,252.607982954555,6.4611386849937285
200703,149.9354171969607,4.749002177266945
200704,126.06747517559042,6.275883312001392
200705,165.00085579191574,9.538637835663398
200706,135.09733209070325,10.57219149162592
200801,41.954860851206234,3.428505639056071
200802,12.693436718978539,2.108864876986852
200803,12.31268180960472,2.4034518301168264
200804,18.627975079136316,2.662697577531541
200805,23.962687247624697,2.5777236438710567
200806,9.66767912410897,2.0461991763861276
210101,4084.2578975705596,10.119582287614746
210102,4204.893700829377,9.79615971671626
210103,3916.7340950582743,13.62910589134892
210104,3853.1473481509956,4.280296574014206
210105,3913.162079626483,11.508324302836455
210106,3984.6024146908962,10.528642454995406
210107,3845.384848688103,4.551441973603453
210108,3822.7454734333246,2.1271610541487713
210109,4329.5552764123995,12.356575222579561
210110,3869.8191076454063,4.797677218381978
210111,4379.636854853228,10.695242264739575
210112,3914.8975682034593,5.820508404356309
210113,4601.131178902177,12.877032682395212
210114,4309.677304250604,12.306779499780008
210115,3966.446512093431,7.199931331928813
210201,4039.7783037403383,10.109299436579015
210202,3860.410851866844,3.384686673239284
210203,4058.0820257393716,12.066594270968299
210204,3999.635110428496,8.6603880549873
210205,3840.7577508733375,2.9573774069954375
210206,3979.1861488185077,12.36562464467051
210207,3955.234850191132,7.432449543481921
210208,4352.376443533967,13.642713312925794
210209,4328.973990775479,10.843813078055522
210210,3841.288196380597,3.590796723689306
210211,4379.644330018908,15.696392749714661
210212,4231.639942402478,11.936879551797379
210213,3897.388807749197,8.33905027960359
210214,3940.874137056374,6.188041278777491
210215,4025.346717860627,9.807197742412747
210301,4639.28971257781,13.85572299414163
210302,4612.989310946732,13.77585338090436
210303,1731.8242984463643,24.0456060234818
210304,1749.0284210836323,21.827888442908833
210305,4764.284570802224,17.93798478982112
210306,4490.762305585125,10.035968962258574
210307,3482.5703962548687,26.55550866258316
210308,3964.635493661012,27.99559835721513
210309,1763.4478853240948,29.348604218310655
210310,4289.322694427469,24.993373375601465
210401,4087.116968645311,10.410529693478567
210402,3864.1727519313026,5.77494718248122
210403,4189.283784904869,9.845314158042305
210404,3938.2439757226857,6.208967150595081
210405,4314.353343664663,10.082390203866224
210406,4048.108595236295,10.403969245108106
210407,3945.1029030382065,8.351230388424751
210501,4024.5406975634164,7.293793998625325
210502,4479.02330507021,9.445020943556095
210503,3826.4342721129287,1.8719190411595104
210504,4495.716443062988,9.597298215964015
210505,4210.473212223571,10.435654273063582
210601,3923.410280856137,9.84052412071723
210602,4477.980482816553,7.268030475763746
210603,3953.7125273667234,10.150203272192975
210604,4208.6686908669435,11.568934342509593
210605,3906.3814616946956,8.105677597924856
210606,4106.390079051525,9.211396275292104
210607,3829.371457308544,2.9303855238567156
210608,4039.625909339148,10.099796303621119
210701,4083.173248627593,10.861535137468136
210702,4162.555206058677,10.248975399304285
210703,3954.3335976725866,9.707884142955082
210704,3888.7697396091858,6.185705353603743
210705,4648.349799926517,14.264007327511422
210706,4563.097118039219,15.753725166578265
210707,4697.427340062795,14.556476884654021
210708,4095.550436641088,10.520921739816579
210709,4491.741366432284,10.108130162369472
210710,4599.156447743084,15.963190521759012
210801,4186.433953761845,12.221666478673578
210802,4468.929285612995,13.168602489324195
210803,4246.093815999104,13.42367542011933
210804,4260.0294267472,14.132360870775624
210805,4270.292221673782,12.422574981571143
210806,4507.057974507884,14.106274947674597
210807,4044.2521899214375,11.092582457657253
210808,4339.967565819383,13.851635051308614
210809,4026.50014066424,6.184457348124334
210901,4026.3117260958743,10.942604766137903
210902,4047.898996155064,13.491048726817219
210903,4268.2834360788875,9.669845422756886
210904,3964.5170511181,9.66516481027958
211001,4363.399184190694,10.999267741278299
211002,4748.9159883566535,10.025325961604668
211003,4111.1651876755805,13.390647000540783
211004,4385.550127745036,12.809679757392866
211005,3919.397166098487,28.844706966756984
211101,3891.3552849700295,6.449323399402878
211102,3879.878618243255,3.895919025103726
211103,4312.85318219707,12.192721527397344
211104,3837.0017482847734,3.4794166002810054
211105,3847.56980265604,3.9749709120815746
211201,3120.8079822986233,30.41154656027498
211202,4413.666474871134,16.436207663258433
211203,1674.9300573660246,23.809252090317514
211204,3898.5331662600192,26.15132710205206
211205,2811.7941025243463,30.89549428133542
211206,3867.7923113792717,28.440153574165144
211207,1758.935734262148,27.743815075845983
211208,2199.993888239516,28.866353199491915
211209,1843.5107152625526,26.55490759542799
211210,681.0008098907803,12.78638917233256
211301,3988.9707731007607,9.635684011161075
211302,3817.854776333925,0.9782390186503133
211303,4072.6838168465165,11.511248703715777
211304,4046.4752989463927,12.678224433919615
211305,3874.5623138747947,7.379045727159523
211306,3921.8319285191074,12.871961543723474
211307,3867.5596647525344,10.048411341322124
220101,1127.039411003964,12.040352291101739
220102,837.5317057104568,4.06720831271612
220103,837.0743208575888,2.796336422537853
220104,1216.5880424543034,15.441377705709629
220105,1458.5630039551577,17.22021574732071
220106,830.1348687761302,4.345755431482393
220201,404.7093425102822,9.653645748992227
220202,990.9530947409622,14.735413648941675
220203,543.3917648864353,12.316718291169968
220204,458.1920611498423,12.33388887598111
220205,413.1293128169023,11.843299262479341
220206,240.8334691971726,2.105240927691506
220301,700.3861147348894,15.194561785916589
220302,536.629886648449,14.537649021873113
220303,1266.2030437245776,18.619183739953023
220304,589.5671334632528,13.447314945561404
220305,678.2298712108493,12.782933905932577
220401,820.7940215106579,15.823149850516966
220402,1397.682842849085,17.720284099809543
220403,494.82637926276317,13.80644028245848
220404,625.3692189353997,14.238253568310945
220405,515.7304159291441,15.198365551784283
220406,354.7944423923851,12.000255663632734
220501,669.32906381272,12.11441157941426
220502,1243.7706407107264,17.338717865017845
220503,295.84836554011025,9.186164628760737
220504,375.9583076823322,12.998558656974714
220505,616.7814806786797,14.11154168345707
220506,1112.1650278452253,18.16515161040269
220507,514.8265675111847,9.673493318166484
220508,982.5296537042468,17.054374730157353
220509,500.5217777425635,13.070953942749698
220510,897.0569223796552,19.061455039204287
220511,715.5352182337666,12.156453201666674
220601,493.506248061275,14.703814259280744
220602,1016.591429793968,20.22251019069397
220603,2289.6924661799367,27.008867570530402
220604,1056.0122817121744,17.85572271122626
220605,412.8989808572832,11.385050383917036
220701,323.0503502239283,9.456514459272764
220702,507.66387418713987,13.184983636619195
220703,342.42586790499786,9.759240264521498
220704,393.9578149440316,12.43747419194325
220705,379.7335776296515,10.575150609006553
220706,311.8761900796468,9.99677569020917
220707,315.6852155749463,7.774724584428814
220708,797.449388070082,12.701458301463111
220709,463.4056093047512,11.541855132032616
220710,817.4790241790444,12.7629153503518
220801,990.7979399008249,10.344392997131704
220802,1543.1469122026817,15.77195033252743
220803,1394.059544111363,19.669294913224448
220804,1455.7835385897504,18.577030851761087
220805,1937.0609539248028,21.599914221092096
220806,817.6607235913391,2.768568778126823
220807,822.9025572695314,2.507411706815515
220808,1123.9233138054421,14.542694990124174
220809,818.84390593001,2.3999908686130365
220901,427.5242507476419,9.263685554872366
220902,558.5744361803879,13.751414082374131
220903,377.8433156274368,6.331154340845497
220904,577.2110109305577,19.978569905479162
220905,186.31286371095965,4.410792635320822
220906,188.6234794564981,5.49295758953419
220907,408.64912529465136,14.171443409650118
220908,346.6509309751722,11.376191931233443
220909,677.7737366881905,18.388542476358253
220910,321.3337243952596,6.719816782163847
220911,182.4338596574688,4.488696681220937
220912,765.8175925060572,18.42427391992113
220913,779.8158476475141,13.086114325331636
220914,600.0376525342685,18.246057686279936
221001,970.853440405578,16.222746117012598
221002,907.7331418649134,15.983542046919528
221003,1381.2471171957163,23.1313636612924
221004,2925.499212055653,28.691446371287714
221005,989.6747601918514,14.787066634027436
221006,598.0991053702552,5.8813260214676015
230101,1223.9469401410795,12.039398301218656
230102,1245.3472491869013,9.026435721798366
230103,1054.162358724591,11.453161069551234
230104,1495.4031081254464,13.488332430755989
230105,1412.677424797018,14.085684807747509
230106,2578.2838773590197,21.52007879051667
230107,4278.3509627182875,13.660191071266425
230108,1480.3567828368546,18.302817251061686
230109,344.07333715133797,5.267807992887904
230110,504.02770232929896,7.0723311978990635
230111,91.79325806188422,4.820509120028545
230201,4496.037550298923,11.556617382219356
230202,3952.4170254181304,12.246993869864365
230203,4247.8595364120765,14.685295750521629
230204,2878.6807149631522,25.967629404390365
230205,3574.6338772606955,17.475750004813865
230206,3151.782275147134,18.336838065073433
230301,923.3830338311628,7.882825335707705
230302,2232.0515786581323,20.950656476788385
230303,541.2540717053583,10.494003823571594
230401,4459.393125979164,11.060153557636434
230402,2715.840128261013,25.81662080209653
230403,3467.027291668518,20.28338075516946
230404,3102.0072776801294,20.227394861836693
230405,3212.286714671248,19.391392890582463
230406,4474.150080872735,13.188502862260403
230407,4142.560797923877,20.493769440723725
230408,4417.63919468371,13.967402449725787
240101,26.619843717611083,2.7120512579745726
240102,33.30394438723433,3.874588683968664
240103,144.90838788082303,8.335083838534807
240104,429.8954381063732,15.217437726738575
240105,365.78042906222646,12.450711440085584
240106,73.28006994542997,5.467501990982316
240201,143.20974647469976,8.926831027344752
240202,451.9297545722726,12.031084879645277
240203,144.22509128781417,9.749965130860494
240301,6.4412014066505145,2.10642398461687
240302,9.87186096122668,2.404149209904143
240303,318.7738457933353,10.707646580669827
240304,46.163221008523465,3.2366651648164386
250101,224.9124385275235,5.5436020422804235
250102,190.15724074521867,3.546519794851344
250103,296.13055734875684,6.096909380393502
250104,225.8599963401644,4.424570893407281
250105,152.2350267272432,2.8954508792630795
250106,201.39359965418026,4.772707645009103
250107,155.34874851554412,2.7357751659698897
250201,509.8298753991075,9.358268405629914
250202,383.9960466673096,8.074567692802376
250203,326.17375913694417,6.847768208642281
250204,325.17192256528693,7.047118016232511
250301,682.2628217786495,14.061069574333205
250302,273.2780220104512,7.606454782959951
250303,252.85766212287334,8.150833803199962
250304,219.32439018434565,4.843084669445759
250305,244.27769032805446,6.228585719265088
250306,290.4444208309314,7.665773571724312
250307,1113.4420832163655,21.06512775756365
250401,363.148450674573,8.414394005027637
